ID;Emissiebronnen;EmissiesNaarLucht;Perioden;EmissiesNaarLucht_1
0;T001176;A044109;1990JJ00;170900.0
1;T001176;A044109;1995JJ00;180800.0
2;T001176;A044109;2000JJ00;182400.0
3;T001176;A044109;2001JJ00;188000.0
4;T001176;A044109;2002JJ00;187700.0
5;T001176;A044109;2003JJ00;190800.0
6;T001176;A044109;2004JJ00;193900.0
7;T001176;A044109;2005JJ00;190400.0
8;T001176;A044109;2006JJ00;184800.0
9;T001176;A044109;2007JJ00;184800.0
10;T001176;A044109;2008JJ00;188700.0
11;T001176;A044109;2009JJ00;185100.0
12;T001176;A044109;2010JJ00;197400.0
13;T001176;A044109;2011JJ00;184100.0
14;T001176;A044109;2012JJ00;181900.0
15;T001176;A044109;2013JJ00;180800.0
16;T001176;A044109;2014JJ00;175200.0
17;T001176;A044109;2015JJ00;182900.0
18;T001176;A044109;2016JJ00;184500.0
19;T001176;A044109;2017JJ00;181600.0
20;T001176;A044109;2018JJ00;178300.0
21;T001176;A044109;2019JJ00;174900.0
22;T001176;A044109;2020JJ00;163200.0
23;T001176;A044109;2021JJ00;169300.0
24;T001176;A044109;2022JJ00;156000.0
25;T001176;A044109;2023JJ00;141900.0
26;T001176;A044109;2024JJ00;140400.0
27;T001176;A044109;2025JJ00;142200.0
112;T001176;A044112;1990JJ00;714.0
113;T001176;A044112;1995JJ00;610.4
114;T001176;A044112;2000JJ00;543.4
115;T001176;A044112;2001JJ00;534.0
116;T001176;A044112;2002JJ00;520.1
117;T001176;A044112;2003JJ00;515.5
118;T001176;A044112;2004JJ00;507.9
119;T001176;A044112;2005JJ00;498.5
120;T001176;A044112;2006JJ00;489.7
121;T001176;A044112;2007JJ00;463.1
122;T001176;A044112;2008JJ00;439.4
123;T001176;A044112;2009JJ00;405.5
124;T001176;A044112;2010JJ00;406.9
125;T001176;A044112;2011JJ00;395.6
126;T001176;A044112;2012JJ00;376.9
127;T001176;A044112;2013JJ00;360.5
128;T001176;A044112;2014JJ00;355.2
129;T001176;A044112;2015JJ00;362.6
130;T001176;A044112;2016JJ00;355.4
131;T001176;A044112;2017JJ00;345.0
132;T001176;A044112;2018JJ00;345.3
133;T001176;A044112;2019JJ00;338.8
134;T001176;A044112;2020JJ00;315.0
135;T001176;A044112;2021JJ00;307.3
136;T001176;A044112;2022JJ00;299.8
137;T001176;A044112;2023JJ00;283.9
138;T001176;A044112;2024JJ00;268.7
139;T001176;A044112;2025JJ00;262.3
140;T001176;A044114;1990JJ00;243.2
141;T001176;A044114;1995JJ00;182.9
142;T001176;A044114;2000JJ00;139.2
143;T001176;A044114;2001JJ00;140.2
144;T001176;A044114;2002JJ00;132.6
145;T001176;A044114;2003JJ00;127.3
146;T001176;A044114;2004JJ00;127.6
147;T001176;A044114;2005JJ00;128.9
148;T001176;A044114;2006JJ00;132.3
149;T001176;A044114;2007JJ00;121.8
150;T001176;A044114;2008JJ00;92.8
151;T001176;A044114;2009JJ00;77.7
152;T001176;A044114;2010JJ00;70.0
153;T001176;A044114;2011JJ00;59.8
154;T001176;A044114;2012JJ00;58.2
155;T001176;A044114;2013JJ00;51.9
156;T001176;A044114;2014JJ00;52.8
157;T001176;A044114;2015JJ00;42.5
158;T001176;A044114;2016JJ00;33.8
159;T001176;A044114;2017JJ00;32.0
160;T001176;A044114;2018JJ00;29.5
161;T001176;A044114;2019JJ00;26.8
162;T001176;A044114;2020JJ00;23.0
163;T001176;A044114;2021JJ00;24.2
164;T001176;A044114;2022JJ00;23.3
165;T001176;A044114;2023JJ00;20.4
166;T001176;A044114;2024JJ00;18.6
167;T001176;A044114;2025JJ00;19.0
196;T001176;A044113;1990JJ00;83.6
197;T001176;A044113;1995JJ00;66.3
198;T001176;A044113;2000JJ00;55.8
199;T001176;A044113;2001JJ00;54.3
200;T001176;A044113;2002JJ00;52.6
201;T001176;A044113;2003JJ00;50.6
202;T001176;A044113;2004JJ00;49.8
203;T001176;A044113;2005JJ00;48.8
204;T001176;A044113;2006JJ00;48.1
205;T001176;A044113;2007JJ00;46.3
206;T001176;A044113;2008JJ00;43.7
207;T001176;A044113;2009JJ00;41.2
208;T001176;A044113;2010JJ00;41.0
209;T001176;A044113;2011JJ00;38.6
210;T001176;A044113;2012JJ00;37.2
211;T001176;A044113;2013JJ00;36.8
212;T001176;A044113;2014JJ00;36.0
213;T001176;A044113;2015JJ00;35.7
214;T001176;A044113;2016JJ00;34.3
215;T001176;A044113;2017JJ00;33.4
216;T001176;A044113;2018JJ00;33.0
217;T001176;A044113;2019JJ00;32.0
218;T001176;A044113;2020JJ00;30.0
219;T001176;A044113;2021JJ00;30.2
220;T001176;A044113;2022JJ00;30.1
221;T001176;A044113;2023JJ00;29.4
222;T001176;A044113;2024JJ00;28.5
223;T001176;A044113;2025JJ00;28.2
224;T001176;A051771;1990JJ00;59.9
225;T001176;A051771;1995JJ00;48.4
226;T001176;A051771;2000JJ00;40.0
227;T001176;A051771;2001JJ00;38.9
228;T001176;A051771;2002JJ00;37.0
229;T001176;A051771;2003JJ00;36.3
230;T001176;A051771;2004JJ00;35.4
231;T001176;A051771;2005JJ00;34.4
232;T001176;A051771;2006JJ00;34.1
233;T001176;A051771;2007JJ00;31.6
234;T001176;A051771;2008JJ00;29.2
235;T001176;A051771;2009JJ00;27.2
236;T001176;A051771;2010JJ00;26.9
237;T001176;A051771;2011JJ00;24.4
238;T001176;A051771;2012JJ00;23.1
239;T001176;A051771;2013JJ00;22.7
240;T001176;A051771;2014JJ00;21.7
241;T001176;A051771;2015JJ00;21.4
242;T001176;A051771;2016JJ00;20.2
243;T001176;A051771;2017JJ00;19.6
244;T001176;A051771;2018JJ00;19.4
245;T001176;A051771;2019JJ00;18.7
246;T001176;A051771;2020JJ00;17.3
247;T001176;A051771;2021JJ00;17.5
248;T001176;A051771;2022JJ00;17.3
249;T001176;A051771;2023JJ00;16.6
250;T001176;A051771;2024JJ00;16.0
251;T001176;A051771;2025JJ00;15.8
252;T001176;A044108;1990JJ00;1194.1
253;T001176;A044108;1995JJ00;920.8
254;T001176;A044108;2000JJ00;763.4
255;T001176;A044108;2001JJ00;759.2
256;T001176;A044108;2002JJ00;743.8
257;T001176;A044108;2003JJ00;743.5
258;T001176;A044108;2004JJ00;764.2
259;T001176;A044108;2005JJ00;737.7
260;T001176;A044108;2006JJ00;721.8
261;T001176;A044108;2007JJ00;689.7
262;T001176;A044108;2008JJ00;680.0
263;T001176;A044108;2009JJ00;612.9
264;T001176;A044108;2010JJ00;636.4
265;T001176;A044108;2011JJ00;589.0
266;T001176;A044108;2012JJ00;573.8
267;T001176;A044108;2013JJ00;553.3
268;T001176;A044108;2014JJ00;526.0
269;T001176;A044108;2015JJ00;531.1
270;T001176;A044108;2016JJ00;525.1
271;T001176;A044108;2017JJ00;508.9
272;T001176;A044108;2018JJ00;514.6
273;T001176;A044108;2019JJ00;496.7
274;T001176;A044108;2020JJ00;446.4
275;T001176;A044108;2021JJ00;447.2
276;T001176;A044108;2022JJ00;435.8
277;T001176;A044108;2023JJ00;409.3
278;T001176;A044108;2024JJ00;406.9
279;T001176;A044108;2025JJ00;394.9
280;A025447;A044109;1990JJ00;136700.0
281;A025447;A044109;1995JJ00;144800.0
282;A025447;A044109;2000JJ00;142400.0
283;A025447;A044109;2001JJ00;147600.0
284;A025447;A044109;2002JJ00;147000.0
285;A025447;A044109;2003JJ00;149700.0
286;A025447;A044109;2004JJ00;151900.0
287;A025447;A044109;2005JJ00;149000.0
288;A025447;A044109;2006JJ00;143400.0
289;A025447;A044109;2007JJ00;143600.0
290;A025447;A044109;2008JJ00;147900.0
291;A025447;A044109;2009JJ00;145500.0
292;A025447;A044109;2010JJ00;157800.0
293;A025447;A044109;2011JJ00;144300.0
294;A025447;A044109;2012JJ00;143000.0
295;A025447;A044109;2013JJ00;142900.0
296;A025447;A044109;2014JJ00;136900.0
297;A025447;A044109;2015JJ00;143600.0
298;A025447;A044109;2016JJ00;144600.0
299;A025447;A044109;2017JJ00;141600.0
300;A025447;A044109;2018JJ00;137300.0
301;A025447;A044109;2019JJ00;134000.0
302;A025447;A044109;2020JJ00;125700.0
303;A025447;A044109;2021JJ00;131400.0
304;A025447;A044109;2022JJ00;116900.0
305;A025447;A044109;2023JJ00;103400.0
306;A025447;A044109;2024JJ00;102300.0
307;A025447;A044109;2025JJ00;104600.0
392;A025447;A044112;1990JJ00;280.9
393;A025447;A044112;1995JJ00;238.2
394;A025447;A044112;2000JJ00;185.1
395;A025447;A044112;2001JJ00;181.5
396;A025447;A044112;2002JJ00;176.1
397;A025447;A044112;2003JJ00;176.1
398;A025447;A044112;2004JJ00;167.9
399;A025447;A044112;2005JJ00;163.8
400;A025447;A044112;2006JJ00;157.2
401;A025447;A044112;2007JJ00;145.8
402;A025447;A044112;2008JJ00;144.0
403;A025447;A044112;2009JJ00;131.7
404;A025447;A044112;2010JJ00;138.6
405;A025447;A044112;2011JJ00;126.6
406;A025447;A044112;2012JJ00;122.4
407;A025447;A044112;2013JJ00;120.7
408;A025447;A044112;2014JJ00;110.8
409;A025447;A044112;2015JJ00;113.2
410;A025447;A044112;2016JJ00;106.8
411;A025447;A044112;2017JJ00;103.3
412;A025447;A044112;2018JJ00;99.9
413;A025447;A044112;2019JJ00;95.9
414;A025447;A044112;2020JJ00;90.5
415;A025447;A044112;2021JJ00;90.6
416;A025447;A044112;2022JJ00;83.9
417;A025447;A044112;2023JJ00;78.5
418;A025447;A044112;2024JJ00;77.4
419;A025447;A044112;2025JJ00;76.4
420;A025447;A044114;1990JJ00;170.7
421;A025447;A044114;1995JJ00;109.7
422;A025447;A044114;2000JJ00;63.1
423;A025447;A044114;2001JJ00;67.1
424;A025447;A044114;2002JJ00;60.6
425;A025447;A044114;2003JJ00;56.4
426;A025447;A044114;2004JJ00;59.1
427;A025447;A044114;2005JJ00;57.9
428;A025447;A044114;2006JJ00;58.3
429;A025447;A044114;2007JJ00;55.3
430;A025447;A044114;2008JJ00;47.8
431;A025447;A044114;2009JJ00;35.4
432;A025447;A044114;2010JJ00;32.9
433;A025447;A044114;2011JJ00;33.3
434;A025447;A044114;2012JJ00;33.6
435;A025447;A044114;2013JJ00;29.3
436;A025447;A044114;2014JJ00;28.8
437;A025447;A044114;2015JJ00;30.0
438;A025447;A044114;2016JJ00;27.9
439;A025447;A044114;2017JJ00;26.3
440;A025447;A044114;2018JJ00;24.4
441;A025447;A044114;2019JJ00;22.0
442;A025447;A044114;2020JJ00;19.0
443;A025447;A044114;2021JJ00;20.3
444;A025447;A044114;2022JJ00;19.0
445;A025447;A044114;2023JJ00;16.8
446;A025447;A044114;2024JJ00;15.2
447;A025447;A044114;2025JJ00;15.5
476;A025447;A044113;1990JJ00;52.8
477;A025447;A044113;1995JJ00;39.8
478;A025447;A044113;2000JJ00;30.9
479;A025447;A044113;2001JJ00;30.0
480;A025447;A044113;2002JJ00;29.3
481;A025447;A044113;2003JJ00;28.0
482;A025447;A044113;2004JJ00;27.9
483;A025447;A044113;2005JJ00;27.3
484;A025447;A044113;2006JJ00;27.1
485;A025447;A044113;2007JJ00;26.9
486;A025447;A044113;2008JJ00;26.7
487;A025447;A044113;2009JJ00;25.5
488;A025447;A044113;2010JJ00;26.3
489;A025447;A044113;2011JJ00;25.2
490;A025447;A044113;2012JJ00;24.7
491;A025447;A044113;2013JJ00;25.0
492;A025447;A044113;2014JJ00;24.2
493;A025447;A044113;2015JJ00;24.5
494;A025447;A044113;2016JJ00;24.1
495;A025447;A044113;2017JJ00;23.6
496;A025447;A044113;2018JJ00;23.1
497;A025447;A044113;2019JJ00;22.4
498;A025447;A044113;2020JJ00;21.0
499;A025447;A044113;2021JJ00;21.3
500;A025447;A044113;2022JJ00;21.2
501;A025447;A044113;2023JJ00;20.9
502;A025447;A044113;2024JJ00;20.3
503;A025447;A044113;2025JJ00;20.1
504;A025447;A051771;1990JJ00;31.6
505;A025447;A051771;1995JJ00;24.4
506;A025447;A051771;2000JJ00;17.7
507;A025447;A051771;2001JJ00;17.3
508;A025447;A051771;2002JJ00;16.4
509;A025447;A051771;2003JJ00;16.5
510;A025447;A051771;2004JJ00;16.2
511;A025447;A051771;2005JJ00;15.6
512;A025447;A051771;2006JJ00;15.9
513;A025447;A051771;2007JJ00;15.0
514;A025447;A051771;2008JJ00;14.8
515;A025447;A051771;2009JJ00;14.1
516;A025447;A051771;2010JJ00;14.9
517;A025447;A051771;2011JJ00;13.7
518;A025447;A051771;2012JJ00;13.1
519;A025447;A051771;2013JJ00;13.5
520;A025447;A051771;2014JJ00;12.4
521;A025447;A051771;2015JJ00;12.8
522;A025447;A051771;2016JJ00;12.6
523;A025447;A051771;2017JJ00;12.4
524;A025447;A051771;2018JJ00;12.1
525;A025447;A051771;2019JJ00;11.7
526;A025447;A051771;2020JJ00;10.7
527;A025447;A051771;2021JJ00;11.1
528;A025447;A051771;2022JJ00;11.1
529;A025447;A051771;2023JJ00;10.8
530;A025447;A051771;2024JJ00;10.5
531;A025447;A051771;2025JJ00;10.5
532;A025447;A044108;1990JJ00;369.7
533;A025447;A044108;1995JJ00;323.9
534;A025447;A044108;2000JJ00;267.7
535;A025447;A044108;2001JJ00;268.2
536;A025447;A044108;2002JJ00;253.0
537;A025447;A044108;2003JJ00;252.3
538;A025447;A044108;2004JJ00;273.9
539;A025447;A044108;2005JJ00;260.8
540;A025447;A044108;2006JJ00;267.4
541;A025447;A044108;2007JJ00;252.9
542;A025447;A044108;2008JJ00;264.1
543;A025447;A044108;2009JJ00;213.2
544;A025447;A044108;2010JJ00;251.9
545;A025447;A044108;2011JJ00;217.7
546;A025447;A044108;2012JJ00;216.8
547;A025447;A044108;2013JJ00;206.2
548;A025447;A044108;2014JJ00;184.1
549;A025447;A044108;2015JJ00;197.2
550;A025447;A044108;2016JJ00;192.4
551;A025447;A044108;2017JJ00;180.9
552;A025447;A044108;2018JJ00;182.1
553;A025447;A044108;2019JJ00;181.5
554;A025447;A044108;2020JJ00;165.5
555;A025447;A044108;2021JJ00;171.2
556;A025447;A044108;2022JJ00;167.3
557;A025447;A044108;2023JJ00;150.9
558;A025447;A044108;2024JJ00;158.8
559;A025447;A044108;2025JJ00;161.0
560;800044;A044109;1990JJ00;52800.0
561;800044;A044109;1995JJ00;61300.0
562;800044;A044109;2000JJ00;63200.0
563;800044;A044109;2001JJ00;67500.0
564;800044;A044109;2002JJ00;68000.0
565;800044;A044109;2003JJ00;68900.0
566;800044;A044109;2004JJ00;70800.0
567;800044;A044109;2005JJ00;69500.0
568;800044;A044109;2006JJ00;64300.0
569;800044;A044109;2007JJ00;65900.0
570;800044;A044109;2008JJ00;66000.0
571;800044;A044109;2009JJ00;65600.0
572;800044;A044109;2010JJ00;68200.0
573;800044;A044109;2011JJ00;63900.0
574;800044;A044109;2012JJ00;60700.0
575;800044;A044109;2013JJ00;59700.0
576;800044;A044109;2014JJ00;63000.0
577;800044;A044109;2015JJ00;67600.0
578;800044;A044109;2016JJ00;65900.0
579;800044;A044109;2017JJ00;61700.0
580;800044;A044109;2018JJ00;58000.0
581;800044;A044109;2019JJ00;57200.0
582;800044;A044109;2020JJ00;50200.0
583;800044;A044109;2021JJ00;52300.0
584;800044;A044109;2022JJ00;49100.0
585;800044;A044109;2023JJ00;40100.0
586;800044;A044109;2024JJ00;38600.0
587;800044;A044109;2025JJ00;42700.0
672;800044;A044112;1990JJ00;103.9
673;800044;A044112;1995JJ00;83.2
674;800044;A044112;2000JJ00;64.9
675;800044;A044112;2001JJ00;62.7
676;800044;A044112;2002JJ00;62.9
677;800044;A044112;2003JJ00;63.8
678;800044;A044112;2004JJ00;56.6
679;800044;A044112;2005JJ00;55.2
680;800044;A044112;2006JJ00;52.0
681;800044;A044112;2007JJ00;43.4
682;800044;A044112;2008JJ00;38.1
683;800044;A044112;2009JJ00;32.3
684;800044;A044112;2010JJ00;32.6
685;800044;A044112;2011JJ00;29.1
686;800044;A044112;2012JJ00;28.3
687;800044;A044112;2013JJ00;29.5
688;800044;A044112;2014JJ00;26.8
689;800044;A044112;2015JJ00;27.6
690;800044;A044112;2016JJ00;23.4
691;800044;A044112;2017JJ00;21.5
692;800044;A044112;2018JJ00;20.7
693;800044;A044112;2019JJ00;19.4
694;800044;A044112;2020JJ00;17.0
695;800044;A044112;2021JJ00;17.1
696;800044;A044112;2022JJ00;16.3
697;800044;A044112;2023JJ00;13.6
698;800044;A044112;2024JJ00;13.0
699;800044;A044112;2025JJ00;13.4
700;800044;A044114;1990JJ00;112.7
701;800044;A044114;1995JJ00;78.3
702;800044;A044114;2000JJ00;48.2
703;800044;A044114;2001JJ00;50.6
704;800044;A044114;2002JJ00;44.4
705;800044;A044114;2003JJ00;43.7
706;800044;A044114;2004JJ00;43.1
707;800044;A044114;2005JJ00;42.1
708;800044;A044114;2006JJ00;42.2
709;800044;A044114;2007JJ00;38.7
710;800044;A044114;2008JJ00;32.1
711;800044;A044114;2009JJ00;24.2
712;800044;A044114;2010JJ00;19.4
713;800044;A044114;2011JJ00;19.2
714;800044;A044114;2012JJ00;22.1
715;800044;A044114;2013JJ00;19.5
716;800044;A044114;2014JJ00;18.3
717;800044;A044114;2015JJ00;19.7
718;800044;A044114;2016JJ00;17.1
719;800044;A044114;2017JJ00;15.3
720;800044;A044114;2018JJ00;13.6
721;800044;A044114;2019JJ00;11.3
722;800044;A044114;2020JJ00;8.8
723;800044;A044114;2021JJ00;10.4
724;800044;A044114;2022JJ00;10.7
725;800044;A044114;2023JJ00;9.6
726;800044;A044114;2024JJ00;8.1
727;800044;A044114;2025JJ00;8.3
756;800044;A044113;1990JJ00;7.9
757;800044;A044113;1995JJ00;5.3
758;800044;A044113;2000JJ00;3.6
759;800044;A044113;2001JJ00;3.3
760;800044;A044113;2002JJ00;2.9
761;800044;A044113;2003JJ00;3.3
762;800044;A044113;2004JJ00;2.4
763;800044;A044113;2005JJ00;2.1
764;800044;A044113;2006JJ00;2.1
765;800044;A044113;2007JJ00;1.8
766;800044;A044113;2008JJ00;1.7
767;800044;A044113;2009JJ00;0.9
768;800044;A044113;2010JJ00;0.5
769;800044;A044113;2011JJ00;0.4
770;800044;A044113;2012JJ00;0.3
771;800044;A044113;2013JJ00;0.5
772;800044;A044113;2014JJ00;0.5
773;800044;A044113;2015JJ00;0.6
774;800044;A044113;2016JJ00;0.5
775;800044;A044113;2017JJ00;0.4
776;800044;A044113;2018JJ00;0.4
777;800044;A044113;2019JJ00;0.3
778;800044;A044113;2020JJ00;0.3
779;800044;A044113;2021JJ00;0.3
780;800044;A044113;2022JJ00;0.3
781;800044;A044113;2023JJ00;0.3
782;800044;A044113;2024JJ00;0.3
783;800044;A044113;2025JJ00;0.3
784;800044;A051771;1990JJ00;6.0
785;800044;A051771;1995JJ00;4.2
786;800044;A051771;2000JJ00;2.6
787;800044;A051771;2001JJ00;2.5
788;800044;A051771;2002JJ00;2.1
789;800044;A051771;2003JJ00;2.4
790;800044;A051771;2004JJ00;1.7
791;800044;A051771;2005JJ00;1.6
792;800044;A051771;2006JJ00;1.9
793;800044;A051771;2007JJ00;1.3
794;800044;A051771;2008JJ00;1.2
795;800044;A051771;2009JJ00;0.6
796;800044;A051771;2010JJ00;0.4
797;800044;A051771;2011JJ00;0.3
798;800044;A051771;2012JJ00;0.2
799;800044;A051771;2013JJ00;0.3
800;800044;A051771;2014JJ00;0.4
801;800044;A051771;2015JJ00;0.5
802;800044;A051771;2016JJ00;0.4
803;800044;A051771;2017JJ00;0.3
804;800044;A051771;2018JJ00;0.3
805;800044;A051771;2019JJ00;0.3
806;800044;A051771;2020JJ00;0.2
807;800044;A051771;2021JJ00;0.2
808;800044;A051771;2022JJ00;0.2
809;800044;A051771;2023JJ00;0.2
810;800044;A051771;2024JJ00;0.2
811;800044;A051771;2025JJ00;0.2
812;800044;A044108;1990JJ00;11.3
813;800044;A044108;1995JJ00;11.1
814;800044;A044108;2000JJ00;18.0
815;800044;A044108;2001JJ00;15.9
816;800044;A044108;2002JJ00;19.7
817;800044;A044108;2003JJ00;19.8
818;800044;A044108;2004JJ00;12.9
819;800044;A044108;2005JJ00;13.7
820;800044;A044108;2006JJ00;11.9
821;800044;A044108;2007JJ00;8.8
822;800044;A044108;2008JJ00;10.6
823;800044;A044108;2009JJ00;9.8
824;800044;A044108;2010JJ00;10.6
825;800044;A044108;2011JJ00;11.1
826;800044;A044108;2012JJ00;11.0
827;800044;A044108;2013JJ00;9.7
828;800044;A044108;2014JJ00;8.6
829;800044;A044108;2015JJ00;9.4
830;800044;A044108;2016JJ00;8.4
831;800044;A044108;2017JJ00;5.4
832;800044;A044108;2018JJ00;6.1
833;800044;A044108;2019JJ00;5.9
834;800044;A044108;2020JJ00;5.9
835;800044;A044108;2021JJ00;6.6
836;800044;A044108;2022JJ00;6.3
837;800044;A044108;2023JJ00;6.1
838;800044;A044108;2024JJ00;5.4
839;800044;A044108;2025JJ00;5.4
840;305800;A044109;1990JJ00;2300.0
841;305800;A044109;1995JJ00;2000.0
842;305800;A044109;2000JJ00;2000.0
843;305800;A044109;2001JJ00;2000.0
844;305800;A044109;2002JJ00;2100.0
845;305800;A044109;2003JJ00;2000.0
846;305800;A044109;2004JJ00;2100.0
847;305800;A044109;2005JJ00;2200.0
848;305800;A044109;2006JJ00;2100.0
849;305800;A044109;2007JJ00;1900.0
850;305800;A044109;2008JJ00;1900.0
851;305800;A044109;2009JJ00;2000.0
852;305800;A044109;2010JJ00;2100.0
853;305800;A044109;2011JJ00;2000.0
854;305800;A044109;2012JJ00;2100.0
855;305800;A044109;2013JJ00;2200.0
856;305800;A044109;2014JJ00;2200.0
857;305800;A044109;2015JJ00;1900.0
858;305800;A044109;2016JJ00;1700.0
859;305800;A044109;2017JJ00;1800.0
860;305800;A044109;2018JJ00;1700.0
861;305800;A044109;2019JJ00;1500.0
862;305800;A044109;2020JJ00;1500.0
863;305800;A044109;2021JJ00;1400.0
864;305800;A044109;2022JJ00;1200.0
865;305800;A044109;2023JJ00;1100.0
866;305800;A044109;2024JJ00;1100.0
867;305800;A044109;2025JJ00;1100.0
952;305800;A044112;1990JJ00;7.9
953;305800;A044112;1995JJ00;7.0
954;305800;A044112;2000JJ00;5.8
955;305800;A044112;2001JJ00;6.6
956;305800;A044112;2002JJ00;6.3
957;305800;A044112;2003JJ00;5.8
958;305800;A044112;2004JJ00;5.1
959;305800;A044112;2005JJ00;5.2
960;305800;A044112;2006JJ00;5.2
961;305800;A044112;2007JJ00;4.9
962;305800;A044112;2008JJ00;4.8
963;305800;A044112;2009JJ00;2.8
964;305800;A044112;2010JJ00;4.9
965;305800;A044112;2011JJ00;4.8
966;305800;A044112;2012JJ00;5.2
967;305800;A044112;2013JJ00;5.5
968;305800;A044112;2014JJ00;5.8
969;305800;A044112;2015JJ00;5.6
970;305800;A044112;2016JJ00;4.1
971;305800;A044112;2017JJ00;3.7
972;305800;A044112;2018JJ00;3.5
973;305800;A044112;2019JJ00;2.4
974;305800;A044112;2020JJ00;2.5
975;305800;A044112;2021JJ00;1.8
976;305800;A044112;2022JJ00;1.9
977;305800;A044112;2023JJ00;1.3
978;305800;A044112;2024JJ00;1.3
979;305800;A044112;2025JJ00;1.3
980;305800;A044114;1990JJ00;1.5
981;305800;A044114;1995JJ00;0.8
982;305800;A044114;2000JJ00;0.3
983;305800;A044114;2001JJ00;0.4
984;305800;A044114;2002JJ00;0.4
985;305800;A044114;2003JJ00;0.2
986;305800;A044114;2004JJ00;0.2
987;305800;A044114;2005JJ00;0.2
988;305800;A044114;2006JJ00;0.2
989;305800;A044114;2007JJ00;0.2
990;305800;A044114;2008JJ00;0.2
991;305800;A044114;2009JJ00;0.2
992;305800;A044114;2010JJ00;0.3
993;305800;A044114;2011JJ00;0.4
994;305800;A044114;2012JJ00;0.3
995;305800;A044114;2013JJ00;0.4
996;305800;A044114;2014JJ00;0.3
997;305800;A044114;2015JJ00;0.2
998;305800;A044114;2016JJ00;0.1
999;305800;A044114;2017JJ00;0.1
1000;305800;A044114;2018JJ00;0.0
1001;305800;A044114;2019JJ00;0.1
1002;305800;A044114;2020JJ00;0.1
1003;305800;A044114;2021JJ00;0.1
1004;305800;A044114;2022JJ00;0.0
1005;305800;A044114;2023JJ00;0.0
1006;305800;A044114;2024JJ00;0.0
1007;305800;A044114;2025JJ00;0.0
1036;305800;A044113;1990JJ00;0.0
1037;305800;A044113;1995JJ00;0.0
1038;305800;A044113;2000JJ00;0.0
1039;305800;A044113;2001JJ00;0.0
1040;305800;A044113;2002JJ00;0.0
1041;305800;A044113;2003JJ00;0.0
1042;305800;A044113;2004JJ00;0.0
1043;305800;A044113;2005JJ00;0.0
1044;305800;A044113;2006JJ00;0.0
1045;305800;A044113;2007JJ00;0.0
1046;305800;A044113;2008JJ00;0.0
1047;305800;A044113;2009JJ00;0.0
1048;305800;A044113;2010JJ00;0.0
1049;305800;A044113;2011JJ00;0.0
1050;305800;A044113;2012JJ00;0.0
1051;305800;A044113;2013JJ00;0.0
1052;305800;A044113;2014JJ00;0.0
1053;305800;A044113;2015JJ00;0.0
1054;305800;A044113;2016JJ00;0.0
1055;305800;A044113;2017JJ00;0.0
1056;305800;A044113;2018JJ00;0.0
1057;305800;A044113;2019JJ00;0.0
1058;305800;A044113;2020JJ00;0.0
1059;305800;A044113;2021JJ00;0.0
1060;305800;A044113;2022JJ00;0.0
1061;305800;A044113;2023JJ00;0.0
1062;305800;A044113;2024JJ00;0.0
1063;305800;A044113;2025JJ00;0.0
1064;305800;A051771;1990JJ00;0.0
1065;305800;A051771;1995JJ00;0.0
1066;305800;A051771;2000JJ00;0.0
1067;305800;A051771;2001JJ00;0.0
1068;305800;A051771;2002JJ00;0.0
1069;305800;A051771;2003JJ00;0.0
1070;305800;A051771;2004JJ00;0.0
1071;305800;A051771;2005JJ00;0.0
1072;305800;A051771;2006JJ00;0.0
1073;305800;A051771;2007JJ00;0.0
1074;305800;A051771;2008JJ00;0.0
1075;305800;A051771;2009JJ00;0.0
1076;305800;A051771;2010JJ00;0.0
1077;305800;A051771;2011JJ00;0.0
1078;305800;A051771;2012JJ00;0.0
1079;305800;A051771;2013JJ00;0.0
1080;305800;A051771;2014JJ00;0.0
1081;305800;A051771;2015JJ00;0.0
1082;305800;A051771;2016JJ00;0.0
1083;305800;A051771;2017JJ00;0.0
1084;305800;A051771;2018JJ00;0.0
1085;305800;A051771;2019JJ00;0.0
1086;305800;A051771;2020JJ00;0.0
1087;305800;A051771;2021JJ00;0.0
1088;305800;A051771;2022JJ00;0.0
1089;305800;A051771;2023JJ00;0.0
1090;305800;A051771;2024JJ00;0.0
1091;305800;A051771;2025JJ00;0.0
1092;305800;A044108;1990JJ00;1.4
1093;305800;A044108;1995JJ00;2.4
1094;305800;A044108;2000JJ00;1.1
1095;305800;A044108;2001JJ00;1.6
1096;305800;A044108;2002JJ00;1.0
1097;305800;A044108;2003JJ00;1.3
1098;305800;A044108;2004JJ00;1.7
1099;305800;A044108;2005JJ00;1.6
1100;305800;A044108;2006JJ00;1.4
1101;305800;A044108;2007JJ00;0.8
1102;305800;A044108;2008JJ00;0.9
1103;305800;A044108;2009JJ00;0.6
1104;305800;A044108;2010JJ00;0.6
1105;305800;A044108;2011JJ00;0.1
1106;305800;A044108;2012JJ00;0.1
1107;305800;A044108;2013JJ00;0.2
1108;305800;A044108;2014JJ00;0.1
1109;305800;A044108;2015JJ00;0.1
1110;305800;A044108;2016JJ00;0.1
1111;305800;A044108;2017JJ00;0.2
1112;305800;A044108;2018JJ00;0.3
1113;305800;A044108;2019JJ00;0.4
1114;305800;A044108;2020JJ00;0.7
1115;305800;A044108;2021JJ00;0.3
1116;305800;A044108;2022JJ00;0.0
1117;305800;A044108;2023JJ00;0.1
1118;305800;A044108;2024JJ00;0.0
1119;305800;A044108;2025JJ00;0.0
1120;320300;A044109;1990JJ00;11000.0
1121;320300;A044109;1995JJ00;11600.0
1122;320300;A044109;2000JJ00;12400.0
1123;320300;A044109;2001JJ00;12700.0
1124;320300;A044109;2002JJ00;11700.0
1125;320300;A044109;2003JJ00;12200.0
1126;320300;A044109;2004JJ00;12200.0
1127;320300;A044109;2005JJ00;12400.0
1128;320300;A044109;2006JJ00;11600.0
1129;320300;A044109;2007JJ00;11600.0
1130;320300;A044109;2008JJ00;11800.0
1131;320300;A044109;2009JJ00;10800.0
1132;320300;A044109;2010JJ00;10600.0
1133;320300;A044109;2011JJ00;10800.0
1134;320300;A044109;2012JJ00;10500.0
1135;320300;A044109;2013JJ00;10300.0
1136;320300;A044109;2014JJ00;10700.0
1137;320300;A044109;2015JJ00;11200.0
1138;320300;A044109;2016JJ00;10700.0
1139;320300;A044109;2017JJ00;10100.0
1140;320300;A044109;2018JJ00;10200.0
1141;320300;A044109;2019JJ00;11000.0
1142;320300;A044109;2020JJ00;10000.0
1143;320300;A044109;2021JJ00;10400.0
1144;320300;A044109;2022JJ00;10400.0
1145;320300;A044109;2023JJ00;10200.0
1146;320300;A044109;2024JJ00;9900.0
1147;320300;A044109;2025JJ00;10000.0
1232;320300;A044112;1990JJ00;18.8
1233;320300;A044112;1995JJ00;17.0
1234;320300;A044112;2000JJ00;10.3
1235;320300;A044112;2001JJ00;10.2
1236;320300;A044112;2002JJ00;9.9
1237;320300;A044112;2003JJ00;9.8
1238;320300;A044112;2004JJ00;9.3
1239;320300;A044112;2005JJ00;9.1
1240;320300;A044112;2006JJ00;10.1
1241;320300;A044112;2007JJ00;9.3
1242;320300;A044112;2008JJ00;8.5
1243;320300;A044112;2009JJ00;6.2
1244;320300;A044112;2010JJ00;5.6
1245;320300;A044112;2011JJ00;5.7
1246;320300;A044112;2012JJ00;5.3
1247;320300;A044112;2013JJ00;5.5
1248;320300;A044112;2014JJ00;5.2
1249;320300;A044112;2015JJ00;5.2
1250;320300;A044112;2016JJ00;5.0
1251;320300;A044112;2017JJ00;4.8
1252;320300;A044112;2018JJ00;4.9
1253;320300;A044112;2019JJ00;5.2
1254;320300;A044112;2020JJ00;4.4
1255;320300;A044112;2021JJ00;4.5
1256;320300;A044112;2022JJ00;4.8
1257;320300;A044112;2023JJ00;4.7
1258;320300;A044112;2024JJ00;4.6
1259;320300;A044112;2025JJ00;4.4
1260;320300;A044114;1990JJ00;67.1
1261;320300;A044114;1995JJ00;61.2
1262;320300;A044114;2000JJ00;33.1
1263;320300;A044114;2001JJ00;34.7
1264;320300;A044114;2002JJ00;30.3
1265;320300;A044114;2003JJ00;29.5
1266;320300;A044114;2004JJ00;32.3
1267;320300;A044114;2005JJ00;32.2
1268;320300;A044114;2006JJ00;32.4
1269;320300;A044114;2007JJ00;29.9
1270;320300;A044114;2008JJ00;25.7
1271;320300;A044114;2009JJ00;17.9
1272;320300;A044114;2010JJ00;12.7
1273;320300;A044114;2011JJ00;12.5
1274;320300;A044114;2012JJ00;13.9
1275;320300;A044114;2013JJ00;9.9
1276;320300;A044114;2014JJ00;9.7
1277;320300;A044114;2015JJ00;11.1
1278;320300;A044114;2016JJ00;11.2
1279;320300;A044114;2017JJ00;11.1
1280;320300;A044114;2018JJ00;9.8
1281;320300;A044114;2019JJ00;8.7
1282;320300;A044114;2020JJ00;7.2
1283;320300;A044114;2021JJ00;8.1
1284;320300;A044114;2022JJ00;8.6
1285;320300;A044114;2023JJ00;8.0
1286;320300;A044114;2024JJ00;6.4
1287;320300;A044114;2025JJ00;6.3
1316;320300;A044113;1990JJ00;6.5
1317;320300;A044113;1995JJ00;4.8
1318;320300;A044113;2000JJ00;3.3
1319;320300;A044113;2001JJ00;2.9
1320;320300;A044113;2002JJ00;2.4
1321;320300;A044113;2003JJ00;2.8
1322;320300;A044113;2004JJ00;2.0
1323;320300;A044113;2005JJ00;1.6
1324;320300;A044113;2006JJ00;1.7
1325;320300;A044113;2007JJ00;1.5
1326;320300;A044113;2008JJ00;1.4
1327;320300;A044113;2009JJ00;0.5
1328;320300;A044113;2010JJ00;0.3
1329;320300;A044113;2011JJ00;0.3
1330;320300;A044113;2012JJ00;0.2
1331;320300;A044113;2013JJ00;0.2
1332;320300;A044113;2014JJ00;0.2
1333;320300;A044113;2015JJ00;0.3
1334;320300;A044113;2016JJ00;0.2
1335;320300;A044113;2017JJ00;0.2
1336;320300;A044113;2018JJ00;0.2
1337;320300;A044113;2019JJ00;0.2
1338;320300;A044113;2020JJ00;0.2
1339;320300;A044113;2021JJ00;0.2
1340;320300;A044113;2022JJ00;0.2
1341;320300;A044113;2023JJ00;0.2
1342;320300;A044113;2024JJ00;0.2
1343;320300;A044113;2025JJ00;0.1
1344;320300;A051771;1990JJ00;4.9
1345;320300;A051771;1995JJ00;3.8
1346;320300;A051771;2000JJ00;2.3
1347;320300;A051771;2001JJ00;2.2
1348;320300;A051771;2002JJ00;1.7
1349;320300;A051771;2003JJ00;2.1
1350;320300;A051771;2004JJ00;1.4
1351;320300;A051771;2005JJ00;1.3
1352;320300;A051771;2006JJ00;1.6
1353;320300;A051771;2007JJ00;1.0
1354;320300;A051771;2008JJ00;1.0
1355;320300;A051771;2009JJ00;0.3
1356;320300;A051771;2010JJ00;0.2
1357;320300;A051771;2011JJ00;0.2
1358;320300;A051771;2012JJ00;0.1
1359;320300;A051771;2013JJ00;0.2
1360;320300;A051771;2014JJ00;0.2
1361;320300;A051771;2015JJ00;0.2
1362;320300;A051771;2016JJ00;0.2
1363;320300;A051771;2017JJ00;0.2
1364;320300;A051771;2018JJ00;0.2
1365;320300;A051771;2019JJ00;0.2
1366;320300;A051771;2020JJ00;0.2
1367;320300;A051771;2021JJ00;0.1
1368;320300;A051771;2022JJ00;0.1
1369;320300;A051771;2023JJ00;0.2
1370;320300;A051771;2024JJ00;0.1
1371;320300;A051771;2025JJ00;0.1
1372;320300;A044108;1990JJ00;4.9
1373;320300;A044108;1995JJ00;2.2
1374;320300;A044108;2000JJ00;2.8
1375;320300;A044108;2001JJ00;2.1
1376;320300;A044108;2002JJ00;4.4
1377;320300;A044108;2003JJ00;3.9
1378;320300;A044108;2004JJ00;3.6
1379;320300;A044108;2005JJ00;4.8
1380;320300;A044108;2006JJ00;5.2
1381;320300;A044108;2007JJ00;4.0
1382;320300;A044108;2008JJ00;5.3
1383;320300;A044108;2009JJ00;5.7
1384;320300;A044108;2010JJ00;6.3
1385;320300;A044108;2011JJ00;7.3
1386;320300;A044108;2012JJ00;5.9
1387;320300;A044108;2013JJ00;4.5
1388;320300;A044108;2014JJ00;4.7
1389;320300;A044108;2015JJ00;5.6
1390;320300;A044108;2016JJ00;4.8
1391;320300;A044108;2017JJ00;2.0
1392;320300;A044108;2018JJ00;2.1
1393;320300;A044108;2019JJ00;2.6
1394;320300;A044108;2020JJ00;2.5
1395;320300;A044108;2021JJ00;2.5
1396;320300;A044108;2022JJ00;2.6
1397;320300;A044108;2023JJ00;3.0
1398;320300;A044108;2024JJ00;2.6
1399;320300;A044108;2025JJ00;2.6
1400;346700;A044109;1990JJ00;39500.0
1401;346700;A044109;1995JJ00;47700.0
1402;346700;A044109;2000JJ00;48800.0
1403;346700;A044109;2001JJ00;52800.0
1404;346700;A044109;2002JJ00;54200.0
1405;346700;A044109;2003JJ00;54700.0
1406;346700;A044109;2004JJ00;56500.0
1407;346700;A044109;2005JJ00;55000.0
1408;346700;A044109;2006JJ00;50600.0
1409;346700;A044109;2007JJ00;52400.0
1410;346700;A044109;2008JJ00;52300.0
1411;346700;A044109;2009JJ00;52900.0
1412;346700;A044109;2010JJ00;55600.0
1413;346700;A044109;2011JJ00;51100.0
1414;346700;A044109;2012JJ00;48100.0
1415;346700;A044109;2013JJ00;47200.0
1416;346700;A044109;2014JJ00;50200.0
1417;346700;A044109;2015JJ00;54500.0
1418;346700;A044109;2016JJ00;53500.0
1419;346700;A044109;2017JJ00;49800.0
1420;346700;A044109;2018JJ00;46100.0
1421;346700;A044109;2019JJ00;44600.0
1422;346700;A044109;2020JJ00;38700.0
1423;346700;A044109;2021JJ00;40500.0
1424;346700;A044109;2022JJ00;37400.0
1425;346700;A044109;2023JJ00;28800.0
1426;346700;A044109;2024JJ00;27700.0
1427;346700;A044109;2025JJ00;31600.0
1512;346700;A044112;1990JJ00;77.2
1513;346700;A044112;1995JJ00;59.2
1514;346700;A044112;2000JJ00;48.8
1515;346700;A044112;2001JJ00;46.0
1516;346700;A044112;2002JJ00;46.7
1517;346700;A044112;2003JJ00;48.3
1518;346700;A044112;2004JJ00;42.1
1519;346700;A044112;2005JJ00;40.9
1520;346700;A044112;2006JJ00;36.8
1521;346700;A044112;2007JJ00;29.1
1522;346700;A044112;2008JJ00;24.8
1523;346700;A044112;2009JJ00;23.3
1524;346700;A044112;2010JJ00;22.2
1525;346700;A044112;2011JJ00;18.6
1526;346700;A044112;2012JJ00;17.9
1527;346700;A044112;2013JJ00;18.4
1528;346700;A044112;2014JJ00;15.8
1529;346700;A044112;2015JJ00;16.8
1530;346700;A044112;2016JJ00;14.3
1531;346700;A044112;2017JJ00;13.0
1532;346700;A044112;2018JJ00;12.3
1533;346700;A044112;2019JJ00;11.7
1534;346700;A044112;2020JJ00;10.1
1535;346700;A044112;2021JJ00;10.8
1536;346700;A044112;2022JJ00;9.6
1537;346700;A044112;2023JJ00;7.6
1538;346700;A044112;2024JJ00;7.2
1539;346700;A044112;2025JJ00;7.7
1540;346700;A044114;1990JJ00;44.1
1541;346700;A044114;1995JJ00;16.3
1542;346700;A044114;2000JJ00;14.8
1543;346700;A044114;2001JJ00;15.5
1544;346700;A044114;2002JJ00;13.6
1545;346700;A044114;2003JJ00;13.9
1546;346700;A044114;2004JJ00;10.6
1547;346700;A044114;2005JJ00;9.7
1548;346700;A044114;2006JJ00;9.6
1549;346700;A044114;2007JJ00;8.6
1550;346700;A044114;2008JJ00;6.1
1551;346700;A044114;2009JJ00;6.0
1552;346700;A044114;2010JJ00;6.4
1553;346700;A044114;2011JJ00;6.4
1554;346700;A044114;2012JJ00;7.9
1555;346700;A044114;2013JJ00;9.2
1556;346700;A044114;2014JJ00;8.4
1557;346700;A044114;2015JJ00;8.4
1558;346700;A044114;2016JJ00;5.8
1559;346700;A044114;2017JJ00;4.0
1560;346700;A044114;2018JJ00;3.8
1561;346700;A044114;2019JJ00;2.5
1562;346700;A044114;2020JJ00;1.5
1563;346700;A044114;2021JJ00;2.2
1564;346700;A044114;2022JJ00;2.2
1565;346700;A044114;2023JJ00;1.6
1566;346700;A044114;2024JJ00;1.7
1567;346700;A044114;2025JJ00;2.0
1596;346700;A044113;1990JJ00;1.5
1597;346700;A044113;1995JJ00;0.6
1598;346700;A044113;2000JJ00;0.3
1599;346700;A044113;2001JJ00;0.4
1600;346700;A044113;2002JJ00;0.5
1601;346700;A044113;2003JJ00;0.5
1602;346700;A044113;2004JJ00;0.4
1603;346700;A044113;2005JJ00;0.5
1604;346700;A044113;2006JJ00;0.4
1605;346700;A044113;2007JJ00;0.3
1606;346700;A044113;2008JJ00;0.3
1607;346700;A044113;2009JJ00;0.3
1608;346700;A044113;2010JJ00;0.3
1609;346700;A044113;2011JJ00;0.1
1610;346700;A044113;2012JJ00;0.1
1611;346700;A044113;2013JJ00;0.2
1612;346700;A044113;2014JJ00;0.3
1613;346700;A044113;2015JJ00;0.4
1614;346700;A044113;2016JJ00;0.2
1615;346700;A044113;2017JJ00;0.2
1616;346700;A044113;2018JJ00;0.1
1617;346700;A044113;2019JJ00;0.1
1618;346700;A044113;2020JJ00;0.1
1619;346700;A044113;2021JJ00;0.1
1620;346700;A044113;2022JJ00;0.1
1621;346700;A044113;2023JJ00;0.1
1622;346700;A044113;2024JJ00;0.1
1623;346700;A044113;2025JJ00;0.1
1624;346700;A051771;1990JJ00;1.1
1625;346700;A051771;1995JJ00;0.3
1626;346700;A051771;2000JJ00;0.2
1627;346700;A051771;2001JJ00;0.3
1628;346700;A051771;2002JJ00;0.4
1629;346700;A051771;2003JJ00;0.3
1630;346700;A051771;2004JJ00;0.3
1631;346700;A051771;2005JJ00;0.4
1632;346700;A051771;2006JJ00;0.3
1633;346700;A051771;2007JJ00;0.2
1634;346700;A051771;2008JJ00;0.2
1635;346700;A051771;2009JJ00;0.2
1636;346700;A051771;2010JJ00;0.2
1637;346700;A051771;2011JJ00;0.1
1638;346700;A051771;2012JJ00;0.1
1639;346700;A051771;2013JJ00;0.1
1640;346700;A051771;2014JJ00;0.2
1641;346700;A051771;2015JJ00;0.3
1642;346700;A051771;2016JJ00;0.2
1643;346700;A051771;2017JJ00;0.1
1644;346700;A051771;2018JJ00;0.1
1645;346700;A051771;2019JJ00;0.1
1646;346700;A051771;2020JJ00;0.1
1647;346700;A051771;2021JJ00;0.1
1648;346700;A051771;2022JJ00;0.1
1649;346700;A051771;2023JJ00;0.1
1650;346700;A051771;2024JJ00;0.1
1651;346700;A051771;2025JJ00;0.1
1652;346700;A044108;1990JJ00;5.1
1653;346700;A044108;1995JJ00;6.4
1654;346700;A044108;2000JJ00;14.1
1655;346700;A044108;2001JJ00;12.2
1656;346700;A044108;2002JJ00;14.2
1657;346700;A044108;2003JJ00;14.5
1658;346700;A044108;2004JJ00;7.6
1659;346700;A044108;2005JJ00;7.3
1660;346700;A044108;2006JJ00;5.3
1661;346700;A044108;2007JJ00;4.1
1662;346700;A044108;2008JJ00;4.4
1663;346700;A044108;2009JJ00;3.6
1664;346700;A044108;2010JJ00;3.7
1665;346700;A044108;2011JJ00;3.7
1666;346700;A044108;2012JJ00;5.0
1667;346700;A044108;2013JJ00;5.1
1668;346700;A044108;2014JJ00;3.8
1669;346700;A044108;2015JJ00;3.7
1670;346700;A044108;2016JJ00;3.5
1671;346700;A044108;2017JJ00;3.2
1672;346700;A044108;2018JJ00;3.7
1673;346700;A044108;2019JJ00;2.9
1674;346700;A044108;2020JJ00;2.7
1675;346700;A044108;2021JJ00;3.8
1676;346700;A044108;2022JJ00;3.7
1677;346700;A044108;2023JJ00;3.0
1678;346700;A044108;2024JJ00;2.7
1679;346700;A044108;2025JJ00;2.7
1680;800045;A044109;1990JJ00;40600.0
1681;800045;A044109;1995JJ00;35700.0
1682;800045;A044109;2000JJ00;33800.0
1683;800045;A044109;2001JJ00;33200.0
1684;800045;A044109;2002JJ00;33600.0
1685;800045;A044109;2003JJ00;34200.0
1686;800045;A044109;2004JJ00;34300.0
1687;800045;A044109;2005JJ00;34000.0
1688;800045;A044109;2006JJ00;34000.0
1689;800045;A044109;2007JJ00;34700.0
1690;800045;A044109;2008JJ00;34600.0
1691;800045;A044109;2009JJ00;31900.0
1692;800045;A044109;2010JJ00;35000.0
1693;800045;A044109;2011JJ00;33900.0
1694;800045;A044109;2012JJ00;33300.0
1695;800045;A044109;2013JJ00;32800.0
1696;800045;A044109;2014JJ00;32000.0
1697;800045;A044109;2015JJ00;32000.0
1698;800045;A044109;2016JJ00;33700.0
1699;800045;A044109;2017JJ00;35500.0
1700;800045;A044109;2018JJ00;35300.0
1701;800045;A044109;2019JJ00;34000.0
1702;800045;A044109;2020JJ00;34500.0
1703;800045;A044109;2021JJ00;34700.0
1704;800045;A044109;2022JJ00;31400.0
1705;800045;A044109;2023JJ00;28900.0
1706;800045;A044109;2024JJ00;30300.0
1707;800045;A044109;2025JJ00;28500.0
1792;800045;A044112;1990JJ00;79.0
1793;800045;A044112;1995JJ00;57.0
1794;800045;A044112;2000JJ00;35.4
1795;800045;A044112;2001JJ00;36.4
1796;800045;A044112;2002JJ00;35.5
1797;800045;A044112;2003JJ00;35.0
1798;800045;A044112;2004JJ00;36.1
1799;800045;A044112;2005JJ00;35.4
1800;800045;A044112;2006JJ00;33.6
1801;800045;A044112;2007JJ00;32.7
1802;800045;A044112;2008JJ00;32.4
1803;800045;A044112;2009JJ00;28.0
1804;800045;A044112;2010JJ00;30.3
1805;800045;A044112;2011JJ00;29.7
1806;800045;A044112;2012JJ00;28.4
1807;800045;A044112;2013JJ00;25.7
1808;800045;A044112;2014JJ00;24.8
1809;800045;A044112;2015JJ00;24.5
1810;800045;A044112;2016JJ00;24.8
1811;800045;A044112;2017JJ00;24.0
1812;800045;A044112;2018JJ00;23.6
1813;800045;A044112;2019JJ00;23.2
1814;800045;A044112;2020JJ00;21.8
1815;800045;A044112;2021JJ00;21.7
1816;800045;A044112;2022JJ00;19.9
1817;800045;A044112;2023JJ00;17.9
1818;800045;A044112;2024JJ00;18.3
1819;800045;A044112;2025JJ00;17.0
1820;800045;A044114;1990JJ00;51.4
1821;800045;A044114;1995JJ00;29.6
1822;800045;A044114;2000JJ00;14.0
1823;800045;A044114;2001JJ00;15.6
1824;800045;A044114;2002JJ00;15.4
1825;800045;A044114;2003JJ00;12.0
1826;800045;A044114;2004JJ00;15.3
1827;800045;A044114;2005JJ00;14.9
1828;800045;A044114;2006JJ00;15.3
1829;800045;A044114;2007JJ00;15.8
1830;800045;A044114;2008JJ00;14.7
1831;800045;A044114;2009JJ00;10.2
1832;800045;A044114;2010JJ00;12.4
1833;800045;A044114;2011JJ00;12.9
1834;800045;A044114;2012JJ00;10.5
1835;800045;A044114;2013JJ00;8.9
1836;800045;A044114;2014JJ00;9.6
1837;800045;A044114;2015JJ00;9.4
1838;800045;A044114;2016JJ00;9.0
1839;800045;A044114;2017JJ00;9.4
1840;800045;A044114;2018JJ00;9.6
1841;800045;A044114;2019JJ00;9.7
1842;800045;A044114;2020JJ00;9.3
1843;800045;A044114;2021JJ00;8.8
1844;800045;A044114;2022JJ00;7.3
1845;800045;A044114;2023JJ00;6.4
1846;800045;A044114;2024JJ00;6.2
1847;800045;A044114;2025JJ00;6.3
1876;800045;A044113;1990JJ00;27.8
1877;800045;A044113;1995JJ00;17.7
1878;800045;A044113;2000JJ00;10.7
1879;800045;A044113;2001JJ00;10.1
1880;800045;A044113;2002JJ00;10.6
1881;800045;A044113;2003JJ00;9.3
1882;800045;A044113;2004JJ00;9.3
1883;800045;A044113;2005JJ00;8.8
1884;800045;A044113;2006JJ00;8.7
1885;800045;A044113;2007JJ00;8.7
1886;800045;A044113;2008JJ00;8.2
1887;800045;A044113;2009JJ00;8.1
1888;800045;A044113;2010JJ00;8.2
1889;800045;A044113;2011JJ00;8.0
1890;800045;A044113;2012JJ00;7.6
1891;800045;A044113;2013JJ00;7.5
1892;800045;A044113;2014JJ00;7.5
1893;800045;A044113;2015JJ00;7.6
1894;800045;A044113;2016JJ00;7.8
1895;800045;A044113;2017JJ00;8.0
1896;800045;A044113;2018JJ00;8.0
1897;800045;A044113;2019JJ00;7.9
1898;800045;A044113;2020JJ00;7.6
1899;800045;A044113;2021JJ00;7.9
1900;800045;A044113;2022JJ00;7.7
1901;800045;A044113;2023JJ00;7.2
1902;800045;A044113;2024JJ00;7.3
1903;800045;A044113;2025JJ00;7.1
1904;800045;A051771;1990JJ00;15.1
1905;800045;A051771;1995JJ00;10.1
1906;800045;A051771;2000JJ00;5.8
1907;800045;A051771;2001JJ00;5.3
1908;800045;A051771;2002JJ00;5.3
1909;800045;A051771;2003JJ00;4.9
1910;800045;A051771;2004JJ00;5.1
1911;800045;A051771;2005JJ00;4.7
1912;800045;A051771;2006JJ00;4.7
1913;800045;A051771;2007JJ00;4.7
1914;800045;A051771;2008JJ00;4.3
1915;800045;A051771;2009JJ00;4.4
1916;800045;A051771;2010JJ00;4.4
1917;800045;A051771;2011JJ00;4.6
1918;800045;A051771;2012JJ00;3.9
1919;800045;A051771;2013JJ00;3.9
1920;800045;A051771;2014JJ00;3.9
1921;800045;A051771;2015JJ00;3.9
1922;800045;A051771;2016JJ00;4.1
1923;800045;A051771;2017JJ00;4.3
1924;800045;A051771;2018JJ00;4.2
1925;800045;A051771;2019JJ00;4.2
1926;800045;A051771;2020JJ00;3.9
1927;800045;A051771;2021JJ00;4.0
1928;800045;A051771;2022JJ00;4.0
1929;800045;A051771;2023JJ00;3.6
1930;800045;A051771;2024JJ00;3.6
1931;800045;A051771;2025JJ00;3.5
1932;800045;A044108;1990JJ00;267.4
1933;800045;A044108;1995JJ00;213.2
1934;800045;A044108;2000JJ00;159.5
1935;800045;A044108;2001JJ00;158.1
1936;800045;A044108;2002JJ00;143.9
1937;800045;A044108;2003JJ00;138.0
1938;800045;A044108;2004JJ00;164.9
1939;800045;A044108;2005JJ00;151.5
1940;800045;A044108;2006JJ00;158.5
1941;800045;A044108;2007JJ00;151.0
1942;800045;A044108;2008JJ00;152.2
1943;800045;A044108;2009JJ00;101.2
1944;800045;A044108;2010JJ00;122.9
1945;800045;A044108;2011JJ00;109.9
1946;800045;A044108;2012JJ00;104.1
1947;800045;A044108;2013JJ00;91.1
1948;800045;A044108;2014JJ00;90.9
1949;800045;A044108;2015JJ00;96.6
1950;800045;A044108;2016JJ00;93.0
1951;800045;A044108;2017JJ00;88.9
1952;800045;A044108;2018JJ00;91.3
1953;800045;A044108;2019JJ00;94.2
1954;800045;A044108;2020JJ00;83.3
1955;800045;A044108;2021JJ00;79.2
1956;800045;A044108;2022JJ00;81.0
1957;800045;A044108;2023JJ00;68.3
1958;800045;A044108;2024JJ00;79.2
1959;800045;A044108;2025JJ00;78.8
1960;307610;A044109;1990JJ00;4300.0
1961;307610;A044109;1995JJ00;4300.0
1962;307610;A044109;2000JJ00;4500.0
1963;307610;A044109;2001JJ00;4300.0
1964;307610;A044109;2002JJ00;4500.0
1965;307610;A044109;2003JJ00;4300.0
1966;307610;A044109;2004JJ00;4200.0
1967;307610;A044109;2005JJ00;4100.0
1968;307610;A044109;2006JJ00;3900.0
1969;307610;A044109;2007JJ00;4000.0
1970;307610;A044109;2008JJ00;3800.0
1971;307610;A044109;2009JJ00;3400.0
1972;307610;A044109;2010JJ00;3600.0
1973;307610;A044109;2011JJ00;3800.0
1974;307610;A044109;2012JJ00;3600.0
1975;307610;A044109;2013JJ00;3500.0
1976;307610;A044109;2014JJ00;3700.0
1977;307610;A044109;2015JJ00;3600.0
1978;307610;A044109;2016JJ00;3700.0
1979;307610;A044109;2017JJ00;3800.0
1980;307610;A044109;2018JJ00;3800.0
1981;307610;A044109;2019JJ00;3900.0
1982;307610;A044109;2020JJ00;3800.0
1983;307610;A044109;2021JJ00;3900.0
1984;307610;A044109;2022JJ00;3700.0
1985;307610;A044109;2023JJ00;3600.0
1986;307610;A044109;2024JJ00;3500.0
1987;307610;A044109;2025JJ00;3300.0
2072;307610;A044112;1990JJ00;7.7
2073;307610;A044112;1995JJ00;5.6
2074;307610;A044112;2000JJ00;3.7
2075;307610;A044112;2001JJ00;3.4
2076;307610;A044112;2002JJ00;3.4
2077;307610;A044112;2003JJ00;2.6
2078;307610;A044112;2004JJ00;3.2
2079;307610;A044112;2005JJ00;3.5
2080;307610;A044112;2006JJ00;3.4
2081;307610;A044112;2007JJ00;3.4
2082;307610;A044112;2008JJ00;3.3
2083;307610;A044112;2009JJ00;2.9
2084;307610;A044112;2010JJ00;2.9
2085;307610;A044112;2011JJ00;2.7
2086;307610;A044112;2012JJ00;2.6
2087;307610;A044112;2013JJ00;2.5
2088;307610;A044112;2014JJ00;2.7
2089;307610;A044112;2015JJ00;2.2
2090;307610;A044112;2016JJ00;2.2
2091;307610;A044112;2017JJ00;2.1
2092;307610;A044112;2018JJ00;2.0
2093;307610;A044112;2019JJ00;2.1
2094;307610;A044112;2020JJ00;1.8
2095;307610;A044112;2021JJ00;1.8
2096;307610;A044112;2022JJ00;1.7
2097;307610;A044112;2023JJ00;1.6
2098;307610;A044112;2024JJ00;1.4
2099;307610;A044112;2025JJ00;1.3
2100;307610;A044114;1990JJ00;1.7
2101;307610;A044114;1995JJ00;0.6
2102;307610;A044114;2000JJ00;0.5
2103;307610;A044114;2001JJ00;1.1
2104;307610;A044114;2002JJ00;0.8
2105;307610;A044114;2003JJ00;0.4
2106;307610;A044114;2004JJ00;0.5
2107;307610;A044114;2005JJ00;0.4
2108;307610;A044114;2006JJ00;0.8
2109;307610;A044114;2007JJ00;1.0
2110;307610;A044114;2008JJ00;0.8
2111;307610;A044114;2009JJ00;0.7
2112;307610;A044114;2010JJ00;0.7
2113;307610;A044114;2011JJ00;0.5
2114;307610;A044114;2012JJ00;0.6
2115;307610;A044114;2013JJ00;0.5
2116;307610;A044114;2014JJ00;0.6
2117;307610;A044114;2015JJ00;0.6
2118;307610;A044114;2016JJ00;0.6
2119;307610;A044114;2017JJ00;0.7
2120;307610;A044114;2018JJ00;0.6
2121;307610;A044114;2019JJ00;0.6
2122;307610;A044114;2020JJ00;0.6
2123;307610;A044114;2021JJ00;0.5
2124;307610;A044114;2022JJ00;0.4
2125;307610;A044114;2023JJ00;0.3
2126;307610;A044114;2024JJ00;0.3
2127;307610;A044114;2025JJ00;0.3
2156;307610;A044113;1990JJ00;4.7
2157;307610;A044113;1995JJ00;2.5
2158;307610;A044113;2000JJ00;1.9
2159;307610;A044113;2001JJ00;1.6
2160;307610;A044113;2002JJ00;1.6
2161;307610;A044113;2003JJ00;1.6
2162;307610;A044113;2004JJ00;1.6
2163;307610;A044113;2005JJ00;1.5
2164;307610;A044113;2006JJ00;1.4
2165;307610;A044113;2007JJ00;1.5
2166;307610;A044113;2008JJ00;1.4
2167;307610;A044113;2009JJ00;1.3
2168;307610;A044113;2010JJ00;1.3
2169;307610;A044113;2011JJ00;1.3
2170;307610;A044113;2012JJ00;1.3
2171;307610;A044113;2013JJ00;1.3
2172;307610;A044113;2014JJ00;1.5
2173;307610;A044113;2015JJ00;1.5
2174;307610;A044113;2016JJ00;1.5
2175;307610;A044113;2017JJ00;1.6
2176;307610;A044113;2018JJ00;1.6
2177;307610;A044113;2019JJ00;1.5
2178;307610;A044113;2020JJ00;1.6
2179;307610;A044113;2021JJ00;1.6
2180;307610;A044113;2022JJ00;1.5
2181;307610;A044113;2023JJ00;1.4
2182;307610;A044113;2024JJ00;1.4
2183;307610;A044113;2025JJ00;1.4
2184;307610;A051771;1990JJ00;1.2
2185;307610;A051771;1995JJ00;0.6
2186;307610;A051771;2000JJ00;0.5
2187;307610;A051771;2001JJ00;0.4
2188;307610;A051771;2002JJ00;0.4
2189;307610;A051771;2003JJ00;0.3
2190;307610;A051771;2004JJ00;0.4
2191;307610;A051771;2005JJ00;0.4
2192;307610;A051771;2006JJ00;0.4
2193;307610;A051771;2007JJ00;0.4
2194;307610;A051771;2008JJ00;0.4
2195;307610;A051771;2009JJ00;0.3
2196;307610;A051771;2010JJ00;0.3
2197;307610;A051771;2011JJ00;0.3
2198;307610;A051771;2012JJ00;0.3
2199;307610;A051771;2013JJ00;0.3
2200;307610;A051771;2014JJ00;0.3
2201;307610;A051771;2015JJ00;0.4
2202;307610;A051771;2016JJ00;0.4
2203;307610;A051771;2017JJ00;0.4
2204;307610;A051771;2018JJ00;0.4
2205;307610;A051771;2019JJ00;0.3
2206;307610;A051771;2020JJ00;0.3
2207;307610;A051771;2021JJ00;0.3
2208;307610;A051771;2022JJ00;0.3
2209;307610;A051771;2023JJ00;0.3
2210;307610;A051771;2024JJ00;0.3
2211;307610;A051771;2025JJ00;0.3
2212;307610;A044108;1990JJ00;6.0
2213;307610;A044108;1995JJ00;7.1
2214;307610;A044108;2000JJ00;4.4
2215;307610;A044108;2001JJ00;4.1
2216;307610;A044108;2002JJ00;4.6
2217;307610;A044108;2003JJ00;3.6
2218;307610;A044108;2004JJ00;5.8
2219;307610;A044108;2005JJ00;6.1
2220;307610;A044108;2006JJ00;5.0
2221;307610;A044108;2007JJ00;5.4
2222;307610;A044108;2008JJ00;5.2
2223;307610;A044108;2009JJ00;4.8
2224;307610;A044108;2010JJ00;4.7
2225;307610;A044108;2011JJ00;4.8
2226;307610;A044108;2012JJ00;4.3
2227;307610;A044108;2013JJ00;3.9
2228;307610;A044108;2014JJ00;4.3
2229;307610;A044108;2015JJ00;3.8
2230;307610;A044108;2016JJ00;3.4
2231;307610;A044108;2017JJ00;3.8
2232;307610;A044108;2018JJ00;4.2
2233;307610;A044108;2019JJ00;3.9
2234;307610;A044108;2020JJ00;2.9
2235;307610;A044108;2021JJ00;2.9
2236;307610;A044108;2022JJ00;2.1
2237;307610;A044108;2023JJ00;2.3
2238;307610;A044108;2024JJ00;2.3
2239;307610;A044108;2025JJ00;2.2
2240;312505;A044109;1990JJ00;300.0
2241;312505;A044109;1995JJ00;400.0
2242;312505;A044109;2000JJ00;400.0
2243;312505;A044109;2001JJ00;300.0
2244;312505;A044109;2002JJ00;300.0
2245;312505;A044109;2003JJ00;300.0
2246;312505;A044109;2004JJ00;200.0
2247;312505;A044109;2005JJ00;200.0
2248;312505;A044109;2006JJ00;200.0
2249;312505;A044109;2007JJ00;200.0
2250;312505;A044109;2008JJ00;200.0
2251;312505;A044109;2009JJ00;200.0
2252;312505;A044109;2010JJ00;200.0
2253;312505;A044109;2011JJ00;200.0
2254;312505;A044109;2012JJ00;200.0
2255;312505;A044109;2013JJ00;200.0
2256;312505;A044109;2014JJ00;100.0
2257;312505;A044109;2015JJ00;200.0
2258;312505;A044109;2016JJ00;200.0
2259;312505;A044109;2017JJ00;100.0
2260;312505;A044109;2018JJ00;100.0
2261;312505;A044109;2019JJ00;200.0
2262;312505;A044109;2020JJ00;100.0
2263;312505;A044109;2021JJ00;100.0
2264;312505;A044109;2022JJ00;100.0
2265;312505;A044109;2023JJ00;100.0
2266;312505;A044109;2024JJ00;100.0
2267;312505;A044109;2025JJ00;100.0
2352;312505;A044112;1990JJ00;0.6
2353;312505;A044112;1995JJ00;0.4
2354;312505;A044112;2000JJ00;0.2
2355;312505;A044112;2001JJ00;0.2
2356;312505;A044112;2002JJ00;0.2
2357;312505;A044112;2003JJ00;0.2
2358;312505;A044112;2004JJ00;0.2
2359;312505;A044112;2005JJ00;0.1
2360;312505;A044112;2006JJ00;0.1
2361;312505;A044112;2007JJ00;0.1
2362;312505;A044112;2008JJ00;0.1
2363;312505;A044112;2009JJ00;0.1
2364;312505;A044112;2010JJ00;0.1
2365;312505;A044112;2011JJ00;0.1
2366;312505;A044112;2012JJ00;0.1
2367;312505;A044112;2013JJ00;0.1
2368;312505;A044112;2014JJ00;0.1
2369;312505;A044112;2015JJ00;0.1
2370;312505;A044112;2016JJ00;0.1
2371;312505;A044112;2017JJ00;0.1
2372;312505;A044112;2018JJ00;0.1
2373;312505;A044112;2019JJ00;0.1
2374;312505;A044112;2020JJ00;0.1
2375;312505;A044112;2021JJ00;0.1
2376;312505;A044112;2022JJ00;0.1
2377;312505;A044112;2023JJ00;0.1
2378;312505;A044112;2024JJ00;0.1
2379;312505;A044112;2025JJ00;0.1
2380;312505;A044114;1990JJ00;0.8
2381;312505;A044114;1995JJ00;0.0
2382;312505;A044114;2000JJ00;0.0
2383;312505;A044114;2001JJ00;0.0
2384;312505;A044114;2002JJ00;0.0
2385;312505;A044114;2003JJ00;0.0
2386;312505;A044114;2004JJ00;0.0
2387;312505;A044114;2005JJ00;0.0
2388;312505;A044114;2006JJ00;0.0
2389;312505;A044114;2007JJ00;0.0
2390;312505;A044114;2008JJ00;0.0
2391;312505;A044114;2009JJ00;0.0
2392;312505;A044114;2010JJ00;0.0
2393;312505;A044114;2011JJ00;0.0
2394;312505;A044114;2012JJ00;0.0
2395;312505;A044114;2013JJ00;0.0
2396;312505;A044114;2014JJ00;0.0
2397;312505;A044114;2015JJ00;0.0
2398;312505;A044114;2016JJ00;0.0
2399;312505;A044114;2017JJ00;0.0
2400;312505;A044114;2018JJ00;0.0
2401;312505;A044114;2019JJ00;0.0
2402;312505;A044114;2020JJ00;0.0
2403;312505;A044114;2021JJ00;0.0
2404;312505;A044114;2022JJ00;0.0
2405;312505;A044114;2023JJ00;0.0
2406;312505;A044114;2024JJ00;0.0
2407;312505;A044114;2025JJ00;0.0
2436;312505;A044113;1990JJ00;0.3
2437;312505;A044113;1995JJ00;0.1
2438;312505;A044113;2000JJ00;0.1
2439;312505;A044113;2001JJ00;0.1
2440;312505;A044113;2002JJ00;0.1
2441;312505;A044113;2003JJ00;0.1
2442;312505;A044113;2004JJ00;0.1
2443;312505;A044113;2005JJ00;0.1
2444;312505;A044113;2006JJ00;0.1
2445;312505;A044113;2007JJ00;0.1
2446;312505;A044113;2008JJ00;0.1
2447;312505;A044113;2009JJ00;0.1
2448;312505;A044113;2010JJ00;0.1
2449;312505;A044113;2011JJ00;0.1
2450;312505;A044113;2012JJ00;0.1
2451;312505;A044113;2013JJ00;0.1
2452;312505;A044113;2014JJ00;0.1
2453;312505;A044113;2015JJ00;0.1
2454;312505;A044113;2016JJ00;0.1
2455;312505;A044113;2017JJ00;0.1
2456;312505;A044113;2018JJ00;0.1
2457;312505;A044113;2019JJ00;0.1
2458;312505;A044113;2020JJ00;0.1
2459;312505;A044113;2021JJ00;0.1
2460;312505;A044113;2022JJ00;0.1
2461;312505;A044113;2023JJ00;0.1
2462;312505;A044113;2024JJ00;0.1
2463;312505;A044113;2025JJ00;0.1
2464;312505;A051771;1990JJ00;0.1
2465;312505;A051771;1995JJ00;0.0
2466;312505;A051771;2000JJ00;0.0
2467;312505;A051771;2001JJ00;0.0
2468;312505;A051771;2002JJ00;0.0
2469;312505;A051771;2003JJ00;0.0
2470;312505;A051771;2004JJ00;0.0
2471;312505;A051771;2005JJ00;0.0
2472;312505;A051771;2006JJ00;0.0
2473;312505;A051771;2007JJ00;0.0
2474;312505;A051771;2008JJ00;0.0
2475;312505;A051771;2009JJ00;0.0
2476;312505;A051771;2010JJ00;0.0
2477;312505;A051771;2011JJ00;0.0
2478;312505;A051771;2012JJ00;0.0
2479;312505;A051771;2013JJ00;0.0
2480;312505;A051771;2014JJ00;0.0
2481;312505;A051771;2015JJ00;0.0
2482;312505;A051771;2016JJ00;0.0
2483;312505;A051771;2017JJ00;0.0
2484;312505;A051771;2018JJ00;0.0
2485;312505;A051771;2019JJ00;0.0
2486;312505;A051771;2020JJ00;0.0
2487;312505;A051771;2021JJ00;0.0
2488;312505;A051771;2022JJ00;0.0
2489;312505;A051771;2023JJ00;0.0
2490;312505;A051771;2024JJ00;0.0
2491;312505;A051771;2025JJ00;0.0
2492;312505;A044108;1990JJ00;0.2
2493;312505;A044108;1995JJ00;0.3
2494;312505;A044108;2000JJ00;0.3
2495;312505;A044108;2001JJ00;0.2
2496;312505;A044108;2002JJ00;0.2
2497;312505;A044108;2003JJ00;0.2
2498;312505;A044108;2004JJ00;0.2
2499;312505;A044108;2005JJ00;0.2
2500;312505;A044108;2006JJ00;0.1
2501;312505;A044108;2007JJ00;0.1
2502;312505;A044108;2008JJ00;0.1
2503;312505;A044108;2009JJ00;0.1
2504;312505;A044108;2010JJ00;0.1
2505;312505;A044108;2011JJ00;0.1
2506;312505;A044108;2012JJ00;0.1
2507;312505;A044108;2013JJ00;0.1
2508;312505;A044108;2014JJ00;0.1
2509;312505;A044108;2015JJ00;0.1
2510;312505;A044108;2016JJ00;0.1
2511;312505;A044108;2017JJ00;0.1
2512;312505;A044108;2018JJ00;0.1
2513;312505;A044108;2019JJ00;0.1
2514;312505;A044108;2020JJ00;0.1
2515;312505;A044108;2021JJ00;0.1
2516;312505;A044108;2022JJ00;0.1
2517;312505;A044108;2023JJ00;0.1
2518;312505;A044108;2024JJ00;0.1
2519;312505;A044108;2025JJ00;0.1
2520;315800;A044109;1990JJ00;100.0
2521;315800;A044109;1995JJ00;0.0
2522;315800;A044109;2000JJ00;100.0
2523;315800;A044109;2001JJ00;0.0
2524;315800;A044109;2002JJ00;0.0
2525;315800;A044109;2003JJ00;0.0
2526;315800;A044109;2004JJ00;0.0
2527;315800;A044109;2005JJ00;0.0
2528;315800;A044109;2006JJ00;0.0
2529;315800;A044109;2007JJ00;0.0
2530;315800;A044109;2008JJ00;0.0
2531;315800;A044109;2009JJ00;100.0
2532;315800;A044109;2010JJ00;0.0
2533;315800;A044109;2011JJ00;100.0
2534;315800;A044109;2012JJ00;100.0
2535;315800;A044109;2013JJ00;0.0
2536;315800;A044109;2014JJ00;100.0
2537;315800;A044109;2015JJ00;100.0
2538;315800;A044109;2016JJ00;100.0
2539;315800;A044109;2017JJ00;100.0
2540;315800;A044109;2018JJ00;100.0
2541;315800;A044109;2019JJ00;100.0
2542;315800;A044109;2020JJ00;0.0
2543;315800;A044109;2021JJ00;100.0
2544;315800;A044109;2022JJ00;0.0
2545;315800;A044109;2023JJ00;0.0
2546;315800;A044109;2024JJ00;0.0
2547;315800;A044109;2025JJ00;0.0
2632;315800;A044112;1990JJ00;0.1
2633;315800;A044112;1995JJ00;0.1
2634;315800;A044112;2000JJ00;0.1
2635;315800;A044112;2001JJ00;0.1
2636;315800;A044112;2002JJ00;0.0
2637;315800;A044112;2003JJ00;0.0
2638;315800;A044112;2004JJ00;0.1
2639;315800;A044112;2005JJ00;0.1
2640;315800;A044112;2006JJ00;0.1
2641;315800;A044112;2007JJ00;0.1
2642;315800;A044112;2008JJ00;0.1
2643;315800;A044112;2009JJ00;0.1
2644;315800;A044112;2010JJ00;0.1
2645;315800;A044112;2011JJ00;0.1
2646;315800;A044112;2012JJ00;0.1
2647;315800;A044112;2013JJ00;0.1
2648;315800;A044112;2014JJ00;0.1
2649;315800;A044112;2015JJ00;0.2
2650;315800;A044112;2016JJ00;0.2
2651;315800;A044112;2017JJ00;0.1
2652;315800;A044112;2018JJ00;0.2
2653;315800;A044112;2019JJ00;0.2
2654;315800;A044112;2020JJ00;0.2
2655;315800;A044112;2021JJ00;0.2
2656;315800;A044112;2022JJ00;0.2
2657;315800;A044112;2023JJ00;0.1
2658;315800;A044112;2024JJ00;0.2
2659;315800;A044112;2025JJ00;0.2
2660;315800;A044114;1990JJ00;0.0
2661;315800;A044114;1995JJ00;0.0
2662;315800;A044114;2000JJ00;0.0
2663;315800;A044114;2001JJ00;0.0
2664;315800;A044114;2002JJ00;0.0
2665;315800;A044114;2003JJ00;0.0
2666;315800;A044114;2004JJ00;0.0
2667;315800;A044114;2005JJ00;0.0
2668;315800;A044114;2006JJ00;0.0
2669;315800;A044114;2007JJ00;0.0
2670;315800;A044114;2008JJ00;0.0
2671;315800;A044114;2009JJ00;0.0
2672;315800;A044114;2010JJ00;0.0
2673;315800;A044114;2011JJ00;0.0
2674;315800;A044114;2012JJ00;0.0
2675;315800;A044114;2013JJ00;0.0
2676;315800;A044114;2014JJ00;0.0
2677;315800;A044114;2015JJ00;0.0
2678;315800;A044114;2016JJ00;0.0
2679;315800;A044114;2017JJ00;0.0
2680;315800;A044114;2018JJ00;0.0
2681;315800;A044114;2019JJ00;0.0
2682;315800;A044114;2020JJ00;0.0
2683;315800;A044114;2021JJ00;0.0
2684;315800;A044114;2022JJ00;0.0
2685;315800;A044114;2023JJ00;0.0
2686;315800;A044114;2024JJ00;0.0
2687;315800;A044114;2025JJ00;0.0
2716;315800;A044113;1990JJ00;0.5
2717;315800;A044113;1995JJ00;0.4
2718;315800;A044113;2000JJ00;0.4
2719;315800;A044113;2001JJ00;0.4
2720;315800;A044113;2002JJ00;0.4
2721;315800;A044113;2003JJ00;0.3
2722;315800;A044113;2004JJ00;0.3
2723;315800;A044113;2005JJ00;0.3
2724;315800;A044113;2006JJ00;0.3
2725;315800;A044113;2007JJ00;0.3
2726;315800;A044113;2008JJ00;0.2
2727;315800;A044113;2009JJ00;0.2
2728;315800;A044113;2010JJ00;0.2
2729;315800;A044113;2011JJ00;0.2
2730;315800;A044113;2012JJ00;0.2
2731;315800;A044113;2013JJ00;0.2
2732;315800;A044113;2014JJ00;0.2
2733;315800;A044113;2015JJ00;0.2
2734;315800;A044113;2016JJ00;0.2
2735;315800;A044113;2017JJ00;0.2
2736;315800;A044113;2018JJ00;0.2
2737;315800;A044113;2019JJ00;0.2
2738;315800;A044113;2020JJ00;0.2
2739;315800;A044113;2021JJ00;0.2
2740;315800;A044113;2022JJ00;0.2
2741;315800;A044113;2023JJ00;0.2
2742;315800;A044113;2024JJ00;0.2
2743;315800;A044113;2025JJ00;0.2
2744;315800;A051771;1990JJ00;0.2
2745;315800;A051771;1995JJ00;0.1
2746;315800;A051771;2000JJ00;0.1
2747;315800;A051771;2001JJ00;0.1
2748;315800;A051771;2002JJ00;0.1
2749;315800;A051771;2003JJ00;0.1
2750;315800;A051771;2004JJ00;0.1
2751;315800;A051771;2005JJ00;0.1
2752;315800;A051771;2006JJ00;0.1
2753;315800;A051771;2007JJ00;0.1
2754;315800;A051771;2008JJ00;0.1
2755;315800;A051771;2009JJ00;0.1
2756;315800;A051771;2010JJ00;0.1
2757;315800;A051771;2011JJ00;0.1
2758;315800;A051771;2012JJ00;0.1
2759;315800;A051771;2013JJ00;0.1
2760;315800;A051771;2014JJ00;0.1
2761;315800;A051771;2015JJ00;0.1
2762;315800;A051771;2016JJ00;0.1
2763;315800;A051771;2017JJ00;0.1
2764;315800;A051771;2018JJ00;0.1
2765;315800;A051771;2019JJ00;0.1
2766;315800;A051771;2020JJ00;0.1
2767;315800;A051771;2021JJ00;0.1
2768;315800;A051771;2022JJ00;0.1
2769;315800;A051771;2023JJ00;0.1
2770;315800;A051771;2024JJ00;0.1
2771;315800;A051771;2025JJ00;0.1
2772;315800;A044108;1990JJ00;0.0
2773;315800;A044108;1995JJ00;0.1
2774;315800;A044108;2000JJ00;0.2
2775;315800;A044108;2001JJ00;0.1
2776;315800;A044108;2002JJ00;0.0
2777;315800;A044108;2003JJ00;0.0
2778;315800;A044108;2004JJ00;0.8
2779;315800;A044108;2005JJ00;0.8
2780;315800;A044108;2006JJ00;0.8
2781;315800;A044108;2007JJ00;0.8
2782;315800;A044108;2008JJ00;0.8
2783;315800;A044108;2009JJ00;0.7
2784;315800;A044108;2010JJ00;0.7
2785;315800;A044108;2011JJ00;0.8
2786;315800;A044108;2012JJ00;0.8
2787;315800;A044108;2013JJ00;0.8
2788;315800;A044108;2014JJ00;0.9
2789;315800;A044108;2015JJ00;1.2
2790;315800;A044108;2016JJ00;1.3
2791;315800;A044108;2017JJ00;1.0
2792;315800;A044108;2018JJ00;1.3
2793;315800;A044108;2019JJ00;1.3
2794;315800;A044108;2020JJ00;1.4
2795;315800;A044108;2021JJ00;1.4
2796;315800;A044108;2022JJ00;1.2
2797;315800;A044108;2023JJ00;0.9
2798;315800;A044108;2024JJ00;1.2
2799;315800;A044108;2025JJ00;1.0
2800;317100;A044109;1990JJ00;1700.0
2801;317100;A044109;1995JJ00;1200.0
2802;317100;A044109;2000JJ00;1400.0
2803;317100;A044109;2001JJ00;1300.0
2804;317100;A044109;2002JJ00;1300.0
2805;317100;A044109;2003JJ00;1300.0
2806;317100;A044109;2004JJ00;1300.0
2807;317100;A044109;2005JJ00;1500.0
2808;317100;A044109;2006JJ00;1500.0
2809;317100;A044109;2007JJ00;1200.0
2810;317100;A044109;2008JJ00;1000.0
2811;317100;A044109;2009JJ00;1000.0
2812;317100;A044109;2010JJ00;1100.0
2813;317100;A044109;2011JJ00;1000.0
2814;317100;A044109;2012JJ00;1000.0
2815;317100;A044109;2013JJ00;1000.0
2816;317100;A044109;2014JJ00;1000.0
2817;317100;A044109;2015JJ00;1000.0
2818;317100;A044109;2016JJ00;1000.0
2819;317100;A044109;2017JJ00;1000.0
2820;317100;A044109;2018JJ00;1000.0
2821;317100;A044109;2019JJ00;1000.0
2822;317100;A044109;2020JJ00;900.0
2823;317100;A044109;2021JJ00;1000.0
2824;317100;A044109;2022JJ00;900.0
2825;317100;A044109;2023JJ00;700.0
2826;317100;A044109;2024JJ00;700.0
2827;317100;A044109;2025JJ00;700.0
2912;317100;A044112;1990JJ00;2.9
2913;317100;A044112;1995JJ00;2.4
2914;317100;A044112;2000JJ00;2.0
2915;317100;A044112;2001JJ00;1.8
2916;317100;A044112;2002JJ00;1.9
2917;317100;A044112;2003JJ00;2.0
2918;317100;A044112;2004JJ00;1.8
2919;317100;A044112;2005JJ00;1.7
2920;317100;A044112;2006JJ00;1.6
2921;317100;A044112;2007JJ00;1.5
2922;317100;A044112;2008JJ00;1.4
2923;317100;A044112;2009JJ00;1.2
2924;317100;A044112;2010JJ00;1.3
2925;317100;A044112;2011JJ00;1.2
2926;317100;A044112;2012JJ00;1.2
2927;317100;A044112;2013JJ00;1.2
2928;317100;A044112;2014JJ00;1.1
2929;317100;A044112;2015JJ00;1.0
2930;317100;A044112;2016JJ00;1.0
2931;317100;A044112;2017JJ00;0.9
2932;317100;A044112;2018JJ00;1.0
2933;317100;A044112;2019JJ00;0.9
2934;317100;A044112;2020JJ00;0.9
2935;317100;A044112;2021JJ00;0.8
2936;317100;A044112;2022JJ00;0.8
2937;317100;A044112;2023JJ00;0.5
2938;317100;A044112;2024JJ00;0.5
2939;317100;A044112;2025JJ00;0.4
2940;317100;A044114;1990JJ00;0.2
2941;317100;A044114;1995JJ00;0.1
2942;317100;A044114;2000JJ00;0.1
2943;317100;A044114;2001JJ00;0.0
2944;317100;A044114;2002JJ00;0.1
2945;317100;A044114;2003JJ00;0.1
2946;317100;A044114;2004JJ00;0.1
2947;317100;A044114;2005JJ00;0.0
2948;317100;A044114;2006JJ00;0.0
2949;317100;A044114;2007JJ00;0.0
2950;317100;A044114;2008JJ00;0.0
2951;317100;A044114;2009JJ00;0.0
2952;317100;A044114;2010JJ00;0.0
2953;317100;A044114;2011JJ00;0.0
2954;317100;A044114;2012JJ00;0.0
2955;317100;A044114;2013JJ00;0.0
2956;317100;A044114;2014JJ00;0.0
2957;317100;A044114;2015JJ00;0.0
2958;317100;A044114;2016JJ00;0.0
2959;317100;A044114;2017JJ00;0.0
2960;317100;A044114;2018JJ00;0.0
2961;317100;A044114;2019JJ00;0.0
2962;317100;A044114;2020JJ00;0.0
2963;317100;A044114;2021JJ00;0.0
2964;317100;A044114;2022JJ00;0.0
2965;317100;A044114;2023JJ00;0.0
2966;317100;A044114;2024JJ00;0.0
2967;317100;A044114;2025JJ00;0.0
2996;317100;A044113;1990JJ00;0.4
2997;317100;A044113;1995JJ00;0.4
2998;317100;A044113;2000JJ00;0.4
2999;317100;A044113;2001JJ00;0.4
3000;317100;A044113;2002JJ00;0.4
3001;317100;A044113;2003JJ00;0.4
3002;317100;A044113;2004JJ00;0.4
3003;317100;A044113;2005JJ00;0.3
3004;317100;A044113;2006JJ00;0.3
3005;317100;A044113;2007JJ00;0.3
3006;317100;A044113;2008JJ00;0.3
3007;317100;A044113;2009JJ00;0.3
3008;317100;A044113;2010JJ00;0.3
3009;317100;A044113;2011JJ00;0.3
3010;317100;A044113;2012JJ00;0.3
3011;317100;A044113;2013JJ00;0.3
3012;317100;A044113;2014JJ00;0.3
3013;317100;A044113;2015JJ00;0.3
3014;317100;A044113;2016JJ00;0.3
3015;317100;A044113;2017JJ00;0.3
3016;317100;A044113;2018JJ00;0.4
3017;317100;A044113;2019JJ00;0.4
3018;317100;A044113;2020JJ00;0.4
3019;317100;A044113;2021JJ00;0.4
3020;317100;A044113;2022JJ00;0.4
3021;317100;A044113;2023JJ00;0.3
3022;317100;A044113;2024JJ00;0.4
3023;317100;A044113;2025JJ00;0.4
3024;317100;A051771;1990JJ00;0.2
3025;317100;A051771;1995JJ00;0.1
3026;317100;A051771;2000JJ00;0.1
3027;317100;A051771;2001JJ00;0.1
3028;317100;A051771;2002JJ00;0.1
3029;317100;A051771;2003JJ00;0.1
3030;317100;A051771;2004JJ00;0.1
3031;317100;A051771;2005JJ00;0.1
3032;317100;A051771;2006JJ00;0.1
3033;317100;A051771;2007JJ00;0.1
3034;317100;A051771;2008JJ00;0.1
3035;317100;A051771;2009JJ00;0.1
3036;317100;A051771;2010JJ00;0.1
3037;317100;A051771;2011JJ00;0.1
3038;317100;A051771;2012JJ00;0.1
3039;317100;A051771;2013JJ00;0.1
3040;317100;A051771;2014JJ00;0.1
3041;317100;A051771;2015JJ00;0.1
3042;317100;A051771;2016JJ00;0.1
3043;317100;A051771;2017JJ00;0.1
3044;317100;A051771;2018JJ00;0.1
3045;317100;A051771;2019JJ00;0.1
3046;317100;A051771;2020JJ00;0.1
3047;317100;A051771;2021JJ00;0.1
3048;317100;A051771;2022JJ00;0.1
3049;317100;A051771;2023JJ00;0.1
3050;317100;A051771;2024JJ00;0.1
3051;317100;A051771;2025JJ00;0.1
3052;317100;A044108;1990JJ00;1.0
3053;317100;A044108;1995JJ00;1.5
3054;317100;A044108;2000JJ00;1.4
3055;317100;A044108;2001JJ00;1.4
3056;317100;A044108;2002JJ00;2.2
3057;317100;A044108;2003JJ00;2.2
3058;317100;A044108;2004JJ00;2.2
3059;317100;A044108;2005JJ00;2.3
3060;317100;A044108;2006JJ00;1.7
3061;317100;A044108;2007JJ00;1.7
3062;317100;A044108;2008JJ00;1.5
3063;317100;A044108;2009JJ00;1.6
3064;317100;A044108;2010JJ00;1.6
3065;317100;A044108;2011JJ00;1.5
3066;317100;A044108;2012JJ00;1.5
3067;317100;A044108;2013JJ00;1.4
3068;317100;A044108;2014JJ00;1.3
3069;317100;A044108;2015JJ00;1.3
3070;317100;A044108;2016JJ00;1.2
3071;317100;A044108;2017JJ00;0.9
3072;317100;A044108;2018JJ00;0.9
3073;317100;A044108;2019JJ00;1.1
3074;317100;A044108;2020JJ00;1.1
3075;317100;A044108;2021JJ00;1.1
3076;317100;A044108;2022JJ00;0.8
3077;317100;A044108;2023JJ00;0.5
3078;317100;A044108;2024JJ00;0.5
3079;317100;A044108;2025JJ00;0.5
3080;318600;A044109;1990JJ00;0.0
3081;318600;A044109;1995JJ00;200.0
3082;318600;A044109;2000JJ00;200.0
3083;318600;A044109;2001JJ00;200.0
3084;318600;A044109;2002JJ00;200.0
3085;318600;A044109;2003JJ00;200.0
3086;318600;A044109;2004JJ00;200.0
3087;318600;A044109;2005JJ00;200.0
3088;318600;A044109;2006JJ00;100.0
3089;318600;A044109;2007JJ00;200.0
3090;318600;A044109;2008JJ00;200.0
3091;318600;A044109;2009JJ00;100.0
3092;318600;A044109;2010JJ00;100.0
3093;318600;A044109;2011JJ00;100.0
3094;318600;A044109;2012JJ00;100.0
3095;318600;A044109;2013JJ00;100.0
3096;318600;A044109;2014JJ00;100.0
3097;318600;A044109;2015JJ00;100.0
3098;318600;A044109;2016JJ00;100.0
3099;318600;A044109;2017JJ00;100.0
3100;318600;A044109;2018JJ00;0.0
3101;318600;A044109;2019JJ00;0.0
3102;318600;A044109;2020JJ00;0.0
3103;318600;A044109;2021JJ00;0.0
3104;318600;A044109;2022JJ00;0.0
3105;318600;A044109;2023JJ00;0.0
3106;318600;A044109;2024JJ00;0.0
3107;318600;A044109;2025JJ00;0.0
3192;318600;A044112;1990JJ00;0.0
3193;318600;A044112;1995JJ00;0.1
3194;318600;A044112;2000JJ00;0.1
3195;318600;A044112;2001JJ00;0.1
3196;318600;A044112;2002JJ00;0.2
3197;318600;A044112;2003JJ00;0.1
3198;318600;A044112;2004JJ00;0.1
3199;318600;A044112;2005JJ00;0.1
3200;318600;A044112;2006JJ00;0.1
3201;318600;A044112;2007JJ00;0.1
3202;318600;A044112;2008JJ00;0.1
3203;318600;A044112;2009JJ00;0.1
3204;318600;A044112;2010JJ00;0.1
3205;318600;A044112;2011JJ00;0.1
3206;318600;A044112;2012JJ00;0.1
3207;318600;A044112;2013JJ00;0.0
3208;318600;A044112;2014JJ00;0.0
3209;318600;A044112;2015JJ00;0.0
3210;318600;A044112;2016JJ00;0.0
3211;318600;A044112;2017JJ00;0.0
3212;318600;A044112;2018JJ00;0.0
3213;318600;A044112;2019JJ00;0.0
3214;318600;A044112;2020JJ00;0.0
3215;318600;A044112;2021JJ00;0.0
3216;318600;A044112;2022JJ00;0.0
3217;318600;A044112;2023JJ00;0.0
3218;318600;A044112;2024JJ00;0.0
3219;318600;A044112;2025JJ00;0.0
3220;318600;A044114;1990JJ00;0.0
3221;318600;A044114;1995JJ00;0.0
3222;318600;A044114;2000JJ00;0.0
3223;318600;A044114;2001JJ00;0.0
3224;318600;A044114;2002JJ00;0.0
3225;318600;A044114;2003JJ00;0.0
3226;318600;A044114;2004JJ00;0.0
3227;318600;A044114;2005JJ00;0.0
3228;318600;A044114;2006JJ00;0.0
3229;318600;A044114;2007JJ00;0.0
3230;318600;A044114;2008JJ00;0.0
3231;318600;A044114;2009JJ00;0.0
3232;318600;A044114;2010JJ00;0.0
3233;318600;A044114;2011JJ00;0.0
3234;318600;A044114;2012JJ00;0.0
3235;318600;A044114;2013JJ00;0.0
3236;318600;A044114;2014JJ00;0.0
3237;318600;A044114;2015JJ00;0.0
3238;318600;A044114;2016JJ00;0.0
3239;318600;A044114;2017JJ00;0.0
3240;318600;A044114;2018JJ00;0.0
3241;318600;A044114;2019JJ00;0.0
3242;318600;A044114;2020JJ00;0.0
3243;318600;A044114;2021JJ00;0.0
3244;318600;A044114;2022JJ00;0.0
3245;318600;A044114;2023JJ00;0.0
3246;318600;A044114;2024JJ00;0.0
3247;318600;A044114;2025JJ00;0.0
3276;318600;A044113;1990JJ00;0.0
3277;318600;A044113;1995JJ00;0.0
3278;318600;A044113;2000JJ00;0.0
3279;318600;A044113;2001JJ00;0.0
3280;318600;A044113;2002JJ00;0.0
3281;318600;A044113;2003JJ00;0.0
3282;318600;A044113;2004JJ00;0.0
3283;318600;A044113;2005JJ00;0.0
3284;318600;A044113;2006JJ00;0.0
3285;318600;A044113;2007JJ00;0.0
3286;318600;A044113;2008JJ00;0.0
3287;318600;A044113;2009JJ00;0.0
3288;318600;A044113;2010JJ00;0.0
3289;318600;A044113;2011JJ00;0.0
3290;318600;A044113;2012JJ00;0.0
3291;318600;A044113;2013JJ00;0.0
3292;318600;A044113;2014JJ00;0.0
3293;318600;A044113;2015JJ00;0.0
3294;318600;A044113;2016JJ00;0.0
3295;318600;A044113;2017JJ00;0.0
3296;318600;A044113;2018JJ00;0.0
3297;318600;A044113;2019JJ00;0.0
3298;318600;A044113;2020JJ00;0.0
3299;318600;A044113;2021JJ00;0.0
3300;318600;A044113;2022JJ00;0.0
3301;318600;A044113;2023JJ00;0.0
3302;318600;A044113;2024JJ00;0.0
3303;318600;A044113;2025JJ00;0.0
3304;318600;A051771;1990JJ00;0.0
3305;318600;A051771;1995JJ00;0.0
3306;318600;A051771;2000JJ00;0.0
3307;318600;A051771;2001JJ00;0.0
3308;318600;A051771;2002JJ00;0.0
3309;318600;A051771;2003JJ00;0.0
3310;318600;A051771;2004JJ00;0.0
3311;318600;A051771;2005JJ00;0.0
3312;318600;A051771;2006JJ00;0.0
3313;318600;A051771;2007JJ00;0.0
3314;318600;A051771;2008JJ00;0.0
3315;318600;A051771;2009JJ00;0.0
3316;318600;A051771;2010JJ00;0.0
3317;318600;A051771;2011JJ00;0.0
3318;318600;A051771;2012JJ00;0.0
3319;318600;A051771;2013JJ00;0.0
3320;318600;A051771;2014JJ00;0.0
3321;318600;A051771;2015JJ00;0.0
3322;318600;A051771;2016JJ00;0.0
3323;318600;A051771;2017JJ00;0.0
3324;318600;A051771;2018JJ00;0.0
3325;318600;A051771;2019JJ00;0.0
3326;318600;A051771;2020JJ00;0.0
3327;318600;A051771;2021JJ00;0.0
3328;318600;A051771;2022JJ00;0.0
3329;318600;A051771;2023JJ00;0.0
3330;318600;A051771;2024JJ00;0.0
3331;318600;A051771;2025JJ00;0.0
3332;318600;A044108;1990JJ00;0.0
3333;318600;A044108;1995JJ00;0.1
3334;318600;A044108;2000JJ00;0.1
3335;318600;A044108;2001JJ00;0.1
3336;318600;A044108;2002JJ00;0.2
3337;318600;A044108;2003JJ00;0.1
3338;318600;A044108;2004JJ00;0.1
3339;318600;A044108;2005JJ00;0.1
3340;318600;A044108;2006JJ00;0.1
3341;318600;A044108;2007JJ00;0.1
3342;318600;A044108;2008JJ00;0.1
3343;318600;A044108;2009JJ00;0.1
3344;318600;A044108;2010JJ00;0.1
3345;318600;A044108;2011JJ00;0.1
3346;318600;A044108;2012JJ00;0.1
3347;318600;A044108;2013JJ00;0.0
3348;318600;A044108;2014JJ00;0.0
3349;318600;A044108;2015JJ00;0.0
3350;318600;A044108;2016JJ00;0.0
3351;318600;A044108;2017JJ00;0.0
3352;318600;A044108;2018JJ00;0.0
3353;318600;A044108;2019JJ00;0.0
3354;318600;A044108;2020JJ00;0.0
3355;318600;A044108;2021JJ00;0.0
3356;318600;A044108;2022JJ00;0.0
3357;318600;A044108;2023JJ00;0.0
3358;318600;A044108;2024JJ00;0.0
3359;318600;A044108;2025JJ00;0.0
3360;320800;A044109;1990JJ00;21000.0
3361;320800;A044109;1995JJ00;15700.0
3362;320800;A044109;2000JJ00;14900.0
3363;320800;A044109;2001JJ00;14400.0
3364;320800;A044109;2002JJ00;14900.0
3365;320800;A044109;2003JJ00;15500.0
3366;320800;A044109;2004JJ00;15500.0
3367;320800;A044109;2005JJ00;15100.0
3368;320800;A044109;2006JJ00;15700.0
3369;320800;A044109;2007JJ00;16200.0
3370;320800;A044109;2008JJ00;16000.0
3371;320800;A044109;2009JJ00;15100.0
3372;320800;A044109;2010JJ00;17100.0
3373;320800;A044109;2011JJ00;16500.0
3374;320800;A044109;2012JJ00;16300.0
3375;320800;A044109;2013JJ00;16300.0
3376;320800;A044109;2014JJ00;15900.0
3377;320800;A044109;2015JJ00;15200.0
3378;320800;A044109;2016JJ00;16800.0
3379;320800;A044109;2017JJ00;17600.0
3380;320800;A044109;2018JJ00;17700.0
3381;320800;A044109;2019JJ00;17000.0
3382;320800;A044109;2020JJ00;18600.0
3383;320800;A044109;2021JJ00;18100.0
3384;320800;A044109;2022JJ00;15700.0
3385;320800;A044109;2023JJ00;15400.0
3386;320800;A044109;2024JJ00;15800.0
3387;320800;A044109;2025JJ00;14500.0
3472;320800;A044112;1990JJ00;36.5
3473;320800;A044112;1995JJ00;25.7
3474;320800;A044112;2000JJ00;13.7
3475;320800;A044112;2001JJ00;12.6
3476;320800;A044112;2002JJ00;12.9
3477;320800;A044112;2003JJ00;14.4
3478;320800;A044112;2004JJ00;14.7
3479;320800;A044112;2005JJ00;13.8
3480;320800;A044112;2006JJ00;13.1
3481;320800;A044112;2007JJ00;12.3
3482;320800;A044112;2008JJ00;12.5
3483;320800;A044112;2009JJ00;11.1
3484;320800;A044112;2010JJ00;11.7
3485;320800;A044112;2011JJ00;11.5
3486;320800;A044112;2012JJ00;10.8
3487;320800;A044112;2013JJ00;9.4
3488;320800;A044112;2014JJ00;8.9
3489;320800;A044112;2015JJ00;8.4
3490;320800;A044112;2016JJ00;8.9
3491;320800;A044112;2017JJ00;8.6
3492;320800;A044112;2018JJ00;8.5
3493;320800;A044112;2019JJ00;8.3
3494;320800;A044112;2020JJ00;8.6
3495;320800;A044112;2021JJ00;8.3
3496;320800;A044112;2022JJ00;7.4
3497;320800;A044112;2023JJ00;7.0
3498;320800;A044112;2024JJ00;7.1
3499;320800;A044112;2025JJ00;5.8
3500;320800;A044114;1990JJ00;19.7
3501;320800;A044114;1995JJ00;10.5
3502;320800;A044114;2000JJ00;2.4
3503;320800;A044114;2001JJ00;3.7
3504;320800;A044114;2002JJ00;3.6
3505;320800;A044114;2003JJ00;3.3
3506;320800;A044114;2004JJ00;4.2
3507;320800;A044114;2005JJ00;3.6
3508;320800;A044114;2006JJ00;4.0
3509;320800;A044114;2007JJ00;3.9
3510;320800;A044114;2008JJ00;3.3
3511;320800;A044114;2009JJ00;2.2
3512;320800;A044114;2010JJ00;2.1
3513;320800;A044114;2011JJ00;2.3
3514;320800;A044114;2012JJ00;2.1
3515;320800;A044114;2013JJ00;1.6
3516;320800;A044114;2014JJ00;1.7
3517;320800;A044114;2015JJ00;1.5
3518;320800;A044114;2016JJ00;1.4
3519;320800;A044114;2017JJ00;1.6
3520;320800;A044114;2018JJ00;1.6
3521;320800;A044114;2019JJ00;1.4
3522;320800;A044114;2020JJ00;1.4
3523;320800;A044114;2021JJ00;1.5
3524;320800;A044114;2022JJ00;1.1
3525;320800;A044114;2023JJ00;1.0
3526;320800;A044114;2024JJ00;0.8
3527;320800;A044114;2025JJ00;0.8
3556;320800;A044113;1990JJ00;4.3
3557;320800;A044113;1995JJ00;3.3
3558;320800;A044113;2000JJ00;1.3
3559;320800;A044113;2001JJ00;1.0
3560;320800;A044113;2002JJ00;1.2
3561;320800;A044113;2003JJ00;0.9
3562;320800;A044113;2004JJ00;1.1
3563;320800;A044113;2005JJ00;0.9
3564;320800;A044113;2006JJ00;0.9
3565;320800;A044113;2007JJ00;0.7
3566;320800;A044113;2008JJ00;0.6
3567;320800;A044113;2009JJ00;1.0
3568;320800;A044113;2010JJ00;1.1
3569;320800;A044113;2011JJ00;1.0
3570;320800;A044113;2012JJ00;1.1
3571;320800;A044113;2013JJ00;1.2
3572;320800;A044113;2014JJ00;1.0
3573;320800;A044113;2015JJ00;0.8
3574;320800;A044113;2016JJ00;1.0
3575;320800;A044113;2017JJ00;1.1
3576;320800;A044113;2018JJ00;0.9
3577;320800;A044113;2019JJ00;0.7
3578;320800;A044113;2020JJ00;0.5
3579;320800;A044113;2021JJ00;0.6
3580;320800;A044113;2022JJ00;0.5
3581;320800;A044113;2023JJ00;0.5
3582;320800;A044113;2024JJ00;0.5
3583;320800;A044113;2025JJ00;0.5
3584;320800;A051771;1990JJ00;2.7
3585;320800;A051771;1995JJ00;2.2
3586;320800;A051771;2000JJ00;0.9
3587;320800;A051771;2001JJ00;0.6
3588;320800;A051771;2002JJ00;0.8
3589;320800;A051771;2003JJ00;0.6
3590;320800;A051771;2004JJ00;0.7
3591;320800;A051771;2005JJ00;0.6
3592;320800;A051771;2006JJ00;0.6
3593;320800;A051771;2007JJ00;0.4
3594;320800;A051771;2008JJ00;0.4
3595;320800;A051771;2009JJ00;0.7
3596;320800;A051771;2010JJ00;0.8
3597;320800;A051771;2011JJ00;0.7
3598;320800;A051771;2012JJ00;0.7
3599;320800;A051771;2013JJ00;0.8
3600;320800;A051771;2014JJ00;0.7
3601;320800;A051771;2015JJ00;0.6
3602;320800;A051771;2016JJ00;0.7
3603;320800;A051771;2017JJ00;0.8
3604;320800;A051771;2018JJ00;0.6
3605;320800;A051771;2019JJ00;0.6
3606;320800;A051771;2020JJ00;0.4
3607;320800;A051771;2021JJ00;0.4
3608;320800;A051771;2022JJ00;0.3
3609;320800;A051771;2023JJ00;0.4
3610;320800;A051771;2024JJ00;0.4
3611;320800;A051771;2025JJ00;0.3
3612;320800;A044108;1990JJ00;23.4
3613;320800;A044108;1995JJ00;34.3
3614;320800;A044108;2000JJ00;25.9
3615;320800;A044108;2001JJ00;26.5
3616;320800;A044108;2002JJ00;23.5
3617;320800;A044108;2003JJ00;20.6
3618;320800;A044108;2004JJ00;23.6
3619;320800;A044108;2005JJ00;18.3
3620;320800;A044108;2006JJ00;19.0
3621;320800;A044108;2007JJ00;18.9
3622;320800;A044108;2008JJ00;15.8
3623;320800;A044108;2009JJ00;11.6
3624;320800;A044108;2010JJ00;11.5
3625;320800;A044108;2011JJ00;13.6
3626;320800;A044108;2012JJ00;14.2
3627;320800;A044108;2013JJ00;10.3
3628;320800;A044108;2014JJ00;8.8
3629;320800;A044108;2015JJ00;10.3
3630;320800;A044108;2016JJ00;10.3
3631;320800;A044108;2017JJ00;13.1
3632;320800;A044108;2018JJ00;10.3
3633;320800;A044108;2019JJ00;13.9
3634;320800;A044108;2020JJ00;10.3
3635;320800;A044108;2021JJ00;11.0
3636;320800;A044108;2022JJ00;9.7
3637;320800;A044108;2023JJ00;9.0
3638;320800;A044108;2024JJ00;9.5
3639;320800;A044108;2025JJ00;9.5
3640;800046;A044109;1990JJ00;500.0
3641;800046;A044109;1995JJ00;800.0
3642;800046;A044109;2000JJ00;800.0
3643;800046;A044109;2001JJ00;800.0
3644;800046;A044109;2002JJ00;700.0
3645;800046;A044109;2003JJ00;600.0
3646;800046;A044109;2004JJ00;600.0
3647;800046;A044109;2005JJ00;600.0
3648;800046;A044109;2006JJ00;600.0
3649;800046;A044109;2007JJ00;600.0
3650;800046;A044109;2008JJ00;500.0
3651;800046;A044109;2009JJ00;400.0
3652;800046;A044109;2010JJ00;500.0
3653;800046;A044109;2011JJ00;400.0
3654;800046;A044109;2012JJ00;700.0
3655;800046;A044109;2013JJ00;600.0
3656;800046;A044109;2014JJ00;600.0
3657;800046;A044109;2015JJ00;500.0
3658;800046;A044109;2016JJ00;500.0
3659;800046;A044109;2017JJ00;400.0
3660;800046;A044109;2018JJ00;500.0
3661;800046;A044109;2019JJ00;400.0
3662;800046;A044109;2020JJ00;400.0
3663;800046;A044109;2021JJ00;400.0
3664;800046;A044109;2022JJ00;400.0
3665;800046;A044109;2023JJ00;400.0
3666;800046;A044109;2024JJ00;400.0
3667;800046;A044109;2025JJ00;400.0
3752;800046;A044112;1990JJ00;2.3
3753;800046;A044112;1995JJ00;2.2
3754;800046;A044112;2000JJ00;1.7
3755;800046;A044112;2001JJ00;1.3
3756;800046;A044112;2002JJ00;1.1
3757;800046;A044112;2003JJ00;0.8
3758;800046;A044112;2004JJ00;0.6
3759;800046;A044112;2005JJ00;0.8
3760;800046;A044112;2006JJ00;0.8
3761;800046;A044112;2007JJ00;0.7
3762;800046;A044112;2008JJ00;0.6
3763;800046;A044112;2009JJ00;0.4
3764;800046;A044112;2010JJ00;0.6
3765;800046;A044112;2011JJ00;0.4
3766;800046;A044112;2012JJ00;0.6
3767;800046;A044112;2013JJ00;0.5
3768;800046;A044112;2014JJ00;0.6
3769;800046;A044112;2015JJ00;0.6
3770;800046;A044112;2016JJ00;0.5
3771;800046;A044112;2017JJ00;0.4
3772;800046;A044112;2018JJ00;0.5
3773;800046;A044112;2019JJ00;0.4
3774;800046;A044112;2020JJ00;0.5
3775;800046;A044112;2021JJ00;0.4
3776;800046;A044112;2022JJ00;0.5
3777;800046;A044112;2023JJ00;0.4
3778;800046;A044112;2024JJ00;0.3
3779;800046;A044112;2025JJ00;0.3
3780;800046;A044114;1990JJ00;0.3
3781;800046;A044114;1995JJ00;0.8
3782;800046;A044114;2000JJ00;0.6
3783;800046;A044114;2001JJ00;0.6
3784;800046;A044114;2002JJ00;0.5
3785;800046;A044114;2003JJ00;0.3
3786;800046;A044114;2004JJ00;0.0
3787;800046;A044114;2005JJ00;0.3
3788;800046;A044114;2006JJ00;0.0
3789;800046;A044114;2007JJ00;0.0
3790;800046;A044114;2008JJ00;0.0
3791;800046;A044114;2009JJ00;0.0
3792;800046;A044114;2010JJ00;0.0
3793;800046;A044114;2011JJ00;0.0
3794;800046;A044114;2012JJ00;0.0
3795;800046;A044114;2013JJ00;0.0
3796;800046;A044114;2014JJ00;0.1
3797;800046;A044114;2015JJ00;0.1
3798;800046;A044114;2016JJ00;0.1
3799;800046;A044114;2017JJ00;0.1
3800;800046;A044114;2018JJ00;0.1
3801;800046;A044114;2019JJ00;0.1
3802;800046;A044114;2020JJ00;0.0
3803;800046;A044114;2021JJ00;0.1
3804;800046;A044114;2022JJ00;0.1
3805;800046;A044114;2023JJ00;0.1
3806;800046;A044114;2024JJ00;0.0
3807;800046;A044114;2025JJ00;0.0
3836;800046;A044113;1990JJ00;0.2
3837;800046;A044113;1995JJ00;0.3
3838;800046;A044113;2000JJ00;0.3
3839;800046;A044113;2001JJ00;0.2
3840;800046;A044113;2002JJ00;0.3
3841;800046;A044113;2003JJ00;0.4
3842;800046;A044113;2004JJ00;0.3
3843;800046;A044113;2005JJ00;0.4
3844;800046;A044113;2006JJ00;0.3
3845;800046;A044113;2007JJ00;0.4
3846;800046;A044113;2008JJ00;0.3
3847;800046;A044113;2009JJ00;0.3
3848;800046;A044113;2010JJ00;0.3
3849;800046;A044113;2011JJ00;0.3
3850;800046;A044113;2012JJ00;0.3
3851;800046;A044113;2013JJ00;0.3
3852;800046;A044113;2014JJ00;0.3
3853;800046;A044113;2015JJ00;0.3
3854;800046;A044113;2016JJ00;0.4
3855;800046;A044113;2017JJ00;0.4
3856;800046;A044113;2018JJ00;0.4
3857;800046;A044113;2019JJ00;0.3
3858;800046;A044113;2020JJ00;0.3
3859;800046;A044113;2021JJ00;0.4
3860;800046;A044113;2022JJ00;0.3
3861;800046;A044113;2023JJ00;0.3
3862;800046;A044113;2024JJ00;0.3
3863;800046;A044113;2025JJ00;0.3
3864;800046;A051771;1990JJ00;0.1
3865;800046;A051771;1995JJ00;0.2
3866;800046;A051771;2000JJ00;0.1
3867;800046;A051771;2001JJ00;0.1
3868;800046;A051771;2002JJ00;0.2
3869;800046;A051771;2003JJ00;0.2
3870;800046;A051771;2004JJ00;0.2
3871;800046;A051771;2005JJ00;0.2
3872;800046;A051771;2006JJ00;0.2
3873;800046;A051771;2007JJ00;0.2
3874;800046;A051771;2008JJ00;0.2
3875;800046;A051771;2009JJ00;0.2
3876;800046;A051771;2010JJ00;0.2
3877;800046;A051771;2011JJ00;0.2
3878;800046;A051771;2012JJ00;0.2
3879;800046;A051771;2013JJ00;0.2
3880;800046;A051771;2014JJ00;0.2
3881;800046;A051771;2015JJ00;0.2
3882;800046;A051771;2016JJ00;0.2
3883;800046;A051771;2017JJ00;0.2
3884;800046;A051771;2018JJ00;0.2
3885;800046;A051771;2019JJ00;0.2
3886;800046;A051771;2020JJ00;0.2
3887;800046;A051771;2021JJ00;0.2
3888;800046;A051771;2022JJ00;0.2
3889;800046;A051771;2023JJ00;0.2
3890;800046;A051771;2024JJ00;0.2
3891;800046;A051771;2025JJ00;0.2
3892;800046;A044108;1990JJ00;0.6
3893;800046;A044108;1995JJ00;0.6
3894;800046;A044108;2000JJ00;0.8
3895;800046;A044108;2001JJ00;1.0
3896;800046;A044108;2002JJ00;1.1
3897;800046;A044108;2003JJ00;1.0
3898;800046;A044108;2004JJ00;0.7
3899;800046;A044108;2005JJ00;1.5
3900;800046;A044108;2006JJ00;0.5
3901;800046;A044108;2007JJ00;0.5
3902;800046;A044108;2008JJ00;0.4
3903;800046;A044108;2009JJ00;0.5
3904;800046;A044108;2010JJ00;0.4
3905;800046;A044108;2011JJ00;0.4
3906;800046;A044108;2012JJ00;1.9
3907;800046;A044108;2013JJ00;2.3
3908;800046;A044108;2014JJ00;2.4
3909;800046;A044108;2015JJ00;2.4
3910;800046;A044108;2016JJ00;2.1
3911;800046;A044108;2017JJ00;1.1
3912;800046;A044108;2018JJ00;0.9
3913;800046;A044108;2019JJ00;0.9
3914;800046;A044108;2020JJ00;0.4
3915;800046;A044108;2021JJ00;0.5
3916;800046;A044108;2022JJ00;0.5
3917;800046;A044108;2023JJ00;0.5
3918;800046;A044108;2024JJ00;0.4
3919;800046;A044108;2025JJ00;0.4
3920;324600;A044109;1990JJ00;3000.0
3921;324600;A044109;1995JJ00;2600.0
3922;324600;A044109;2000JJ00;2600.0
3923;324600;A044109;2001JJ00;2600.0
3924;324600;A044109;2002JJ00;2300.0
3925;324600;A044109;2003JJ00;2200.0
3926;324600;A044109;2004JJ00;2300.0
3927;324600;A044109;2005JJ00;2200.0
3928;324600;A044109;2006JJ00;2200.0
3929;324600;A044109;2007JJ00;2300.0
3930;324600;A044109;2008JJ00;2200.0
3931;324600;A044109;2009JJ00;2100.0
3932;324600;A044109;2010JJ00;2000.0
3933;324600;A044109;2011JJ00;1900.0
3934;324600;A044109;2012JJ00;1700.0
3935;324600;A044109;2013JJ00;1500.0
3936;324600;A044109;2014JJ00;1600.0
3937;324600;A044109;2015JJ00;1800.0
3938;324600;A044109;2016JJ00;1800.0
3939;324600;A044109;2017JJ00;1900.0
3940;324600;A044109;2018JJ00;1800.0
3941;324600;A044109;2019JJ00;1500.0
3942;324600;A044109;2020JJ00;1400.0
3943;324600;A044109;2021JJ00;1400.0
3944;324600;A044109;2022JJ00;1400.0
3945;324600;A044109;2023JJ00;1200.0
3946;324600;A044109;2024JJ00;1100.0
3947;324600;A044109;2025JJ00;1100.0
4032;324600;A044112;1990JJ00;16.1
4033;324600;A044112;1995JJ00;7.9
4034;324600;A044112;2000JJ00;5.0
4035;324600;A044112;2001JJ00;6.8
4036;324600;A044112;2002JJ00;6.2
4037;324600;A044112;2003JJ00;5.6
4038;324600;A044112;2004JJ00;5.5
4039;324600;A044112;2005JJ00;5.7
4040;324600;A044112;2006JJ00;5.2
4041;324600;A044112;2007JJ00;5.6
4042;324600;A044112;2008JJ00;5.8
4043;324600;A044112;2009JJ00;5.7
4044;324600;A044112;2010JJ00;5.2
4045;324600;A044112;2011JJ00;5.2
4046;324600;A044112;2012JJ00;4.4
4047;324600;A044112;2013JJ00;3.9
4048;324600;A044112;2014JJ00;3.9
4049;324600;A044112;2015JJ00;3.9
4050;324600;A044112;2016JJ00;3.9
4051;324600;A044112;2017JJ00;3.7
4052;324600;A044112;2018JJ00;3.6
4053;324600;A044112;2019JJ00;3.1
4054;324600;A044112;2020JJ00;2.9
4055;324600;A044112;2021JJ00;3.1
4056;324600;A044112;2022JJ00;2.9
4057;324600;A044112;2023JJ00;2.8
4058;324600;A044112;2024JJ00;2.4
4059;324600;A044112;2025JJ00;2.3
4060;324600;A044114;1990JJ00;10.0
4061;324600;A044114;1995JJ00;4.8
4062;324600;A044114;2000JJ00;2.6
4063;324600;A044114;2001JJ00;3.2
4064;324600;A044114;2002JJ00;3.3
4065;324600;A044114;2003JJ00;1.2
4066;324600;A044114;2004JJ00;2.6
4067;324600;A044114;2005JJ00;2.4
4068;324600;A044114;2006JJ00;3.1
4069;324600;A044114;2007JJ00;3.0
4070;324600;A044114;2008JJ00;2.9
4071;324600;A044114;2009JJ00;2.8
4072;324600;A044114;2010JJ00;3.0
4073;324600;A044114;2011JJ00;3.0
4074;324600;A044114;2012JJ00;2.8
4075;324600;A044114;2013JJ00;2.5
4076;324600;A044114;2014JJ00;2.6
4077;324600;A044114;2015JJ00;2.6
4078;324600;A044114;2016JJ00;2.5
4079;324600;A044114;2017JJ00;2.3
4080;324600;A044114;2018JJ00;2.4
4081;324600;A044114;2019JJ00;2.4
4082;324600;A044114;2020JJ00;2.4
4083;324600;A044114;2021JJ00;2.6
4084;324600;A044114;2022JJ00;2.5
4085;324600;A044114;2023JJ00;2.0
4086;324600;A044114;2024JJ00;1.9
4087;324600;A044114;2025JJ00;1.9
4116;324600;A044113;1990JJ00;3.1
4117;324600;A044113;1995JJ00;2.4
4118;324600;A044113;2000JJ00;1.2
4119;324600;A044113;2001JJ00;1.6
4120;324600;A044113;2002JJ00;2.1
4121;324600;A044113;2003JJ00;1.1
4122;324600;A044113;2004JJ00;1.3
4123;324600;A044113;2005JJ00;1.2
4124;324600;A044113;2006JJ00;1.3
4125;324600;A044113;2007JJ00;1.3
4126;324600;A044113;2008JJ00;1.2
4127;324600;A044113;2009JJ00;1.2
4128;324600;A044113;2010JJ00;1.2
4129;324600;A044113;2011JJ00;1.3
4130;324600;A044113;2012JJ00;1.2
4131;324600;A044113;2013JJ00;1.1
4132;324600;A044113;2014JJ00;1.1
4133;324600;A044113;2015JJ00;1.2
4134;324600;A044113;2016JJ00;1.2
4135;324600;A044113;2017JJ00;1.3
4136;324600;A044113;2018JJ00;1.4
4137;324600;A044113;2019JJ00;1.4
4138;324600;A044113;2020JJ00;1.5
4139;324600;A044113;2021JJ00;1.6
4140;324600;A044113;2022JJ00;1.7
4141;324600;A044113;2023JJ00;1.4
4142;324600;A044113;2024JJ00;1.3
4143;324600;A044113;2025JJ00;1.2
4144;324600;A051771;1990JJ00;2.2
4145;324600;A051771;1995JJ00;1.8
4146;324600;A051771;2000JJ00;1.1
4147;324600;A051771;2001JJ00;1.2
4148;324600;A051771;2002JJ00;1.2
4149;324600;A051771;2003JJ00;1.0
4150;324600;A051771;2004JJ00;1.1
4151;324600;A051771;2005JJ00;1.1
4152;324600;A051771;2006JJ00;1.1
4153;324600;A051771;2007JJ00;1.1
4154;324600;A051771;2008JJ00;1.1
4155;324600;A051771;2009JJ00;1.1
4156;324600;A051771;2010JJ00;1.1
4157;324600;A051771;2011JJ00;1.1
4158;324600;A051771;2012JJ00;1.0
4159;324600;A051771;2013JJ00;1.0
4160;324600;A051771;2014JJ00;1.0
4161;324600;A051771;2015JJ00;1.1
4162;324600;A051771;2016JJ00;1.1
4163;324600;A051771;2017JJ00;1.1
4164;324600;A051771;2018JJ00;1.2
4165;324600;A051771;2019JJ00;1.3
4166;324600;A051771;2020JJ00;1.3
4167;324600;A051771;2021JJ00;1.4
4168;324600;A051771;2022JJ00;1.5
4169;324600;A051771;2023JJ00;1.2
4170;324600;A051771;2024JJ00;1.1
4171;324600;A051771;2025JJ00;1.1
4172;324600;A044108;1990JJ00;5.6
4173;324600;A044108;1995JJ00;18.6
4174;324600;A044108;2000JJ00;18.9
4175;324600;A044108;2001JJ00;18.7
4176;324600;A044108;2002JJ00;15.2
4177;324600;A044108;2003JJ00;2.8
4178;324600;A044108;2004JJ00;2.5
4179;324600;A044108;2005JJ00;2.4
4180;324600;A044108;2006JJ00;2.4
4181;324600;A044108;2007JJ00;2.3
4182;324600;A044108;2008JJ00;2.5
4183;324600;A044108;2009JJ00;5.1
4184;324600;A044108;2010JJ00;5.0
4185;324600;A044108;2011JJ00;4.8
4186;324600;A044108;2012JJ00;4.2
4187;324600;A044108;2013JJ00;4.0
4188;324600;A044108;2014JJ00;4.3
4189;324600;A044108;2015JJ00;5.0
4190;324600;A044108;2016JJ00;4.8
4191;324600;A044108;2017JJ00;4.9
4192;324600;A044108;2018JJ00;5.4
4193;324600;A044108;2019JJ00;4.7
4194;324600;A044108;2020JJ00;5.4
4195;324600;A044108;2021JJ00;5.2
4196;324600;A044108;2022JJ00;5.1
4197;324600;A044108;2023JJ00;4.6
4198;324600;A044108;2024JJ00;4.1
4199;324600;A044108;2025JJ00;4.0
4200;328100;A044109;1990JJ00;7500.0
4201;328100;A044109;1995JJ00;7800.0
4202;328100;A044109;2000JJ00;6400.0
4203;328100;A044109;2001JJ00;6500.0
4204;328100;A044109;2002JJ00;6700.0
4205;328100;A044109;2003JJ00;7100.0
4206;328100;A044109;2004JJ00;7200.0
4207;328100;A044109;2005JJ00;7200.0
4208;328100;A044109;2006JJ00;7100.0
4209;328100;A044109;2007JJ00;7300.0
4210;328100;A044109;2008JJ00;7300.0
4211;328100;A044109;2009JJ00;6100.0
4212;328100;A044109;2010JJ00;6900.0
4213;328100;A044109;2011JJ00;7000.0
4214;328100;A044109;2012JJ00;6400.0
4215;328100;A044109;2013JJ00;6600.0
4216;328100;A044109;2014JJ00;6200.0
4217;328100;A044109;2015JJ00;6600.0
4218;328100;A044109;2016JJ00;6600.0
4219;328100;A044109;2017JJ00;7200.0
4220;328100;A044109;2018JJ00;6900.0
4221;328100;A044109;2019JJ00;6700.0
4222;328100;A044109;2020JJ00;6100.0
4223;328100;A044109;2021JJ00;6300.0
4224;328100;A044109;2022JJ00;6000.0
4225;328100;A044109;2023JJ00;4700.0
4226;328100;A044109;2024JJ00;6000.0
4227;328100;A044109;2025JJ00;5800.0
4312;328100;A044112;1990JJ00;7.8
4313;328100;A044112;1995JJ00;9.8
4314;328100;A044112;2000JJ00;6.6
4315;328100;A044112;2001JJ00;7.5
4316;328100;A044112;2002JJ00;7.3
4317;328100;A044112;2003JJ00;7.6
4318;328100;A044112;2004JJ00;7.9
4319;328100;A044112;2005JJ00;7.5
4320;328100;A044112;2006JJ00;7.0
4321;328100;A044112;2007JJ00;7.1
4322;328100;A044112;2008JJ00;6.7
4323;328100;A044112;2009JJ00;4.9
4324;328100;A044112;2010JJ00;6.5
4325;328100;A044112;2011JJ00;6.3
4326;328100;A044112;2012JJ00;6.5
4327;328100;A044112;2013JJ00;6.0
4328;328100;A044112;2014JJ00;5.7
4329;328100;A044112;2015JJ00;6.4
4330;328100;A044112;2016JJ00;6.3
4331;328100;A044112;2017JJ00;6.2
4332;328100;A044112;2018JJ00;6.1
4333;328100;A044112;2019JJ00;6.4
4334;328100;A044112;2020JJ00;5.5
4335;328100;A044112;2021JJ00;5.6
4336;328100;A044112;2022JJ00;5.3
4337;328100;A044112;2023JJ00;4.5
4338;328100;A044112;2024JJ00;5.3
4339;328100;A044112;2025JJ00;5.7
4340;328100;A044114;1990JJ00;14.6
4341;328100;A044114;1995JJ00;11.9
4342;328100;A044114;2000JJ00;6.9
4343;328100;A044114;2001JJ00;6.4
4344;328100;A044114;2002JJ00;6.5
4345;328100;A044114;2003JJ00;6.5
4346;328100;A044114;2004JJ00;7.3
4347;328100;A044114;2005JJ00;7.7
4348;328100;A044114;2006JJ00;6.9
4349;328100;A044114;2007JJ00;7.3
4350;328100;A044114;2008JJ00;7.1
4351;328100;A044114;2009JJ00;4.0
4352;328100;A044114;2010JJ00;6.1
4353;328100;A044114;2011JJ00;6.4
4354;328100;A044114;2012JJ00;4.4
4355;328100;A044114;2013JJ00;3.4
4356;328100;A044114;2014JJ00;3.8
4357;328100;A044114;2015JJ00;3.7
4358;328100;A044114;2016JJ00;3.6
4359;328100;A044114;2017JJ00;3.9
4360;328100;A044114;2018JJ00;3.9
4361;328100;A044114;2019JJ00;4.5
4362;328100;A044114;2020JJ00;4.2
4363;328100;A044114;2021JJ00;3.6
4364;328100;A044114;2022JJ00;3.2
4365;328100;A044114;2023JJ00;3.1
4366;328100;A044114;2024JJ00;3.0
4367;328100;A044114;2025JJ00;3.2
4396;328100;A044113;1990JJ00;10.5
4397;328100;A044113;1995JJ00;6.4
4398;328100;A044113;2000JJ00;2.9
4399;328100;A044113;2001JJ00;2.6
4400;328100;A044113;2002JJ00;2.5
4401;328100;A044113;2003JJ00;2.5
4402;328100;A044113;2004JJ00;2.5
4403;328100;A044113;2005JJ00;2.1
4404;328100;A044113;2006JJ00;2.1
4405;328100;A044113;2007JJ00;2.2
4406;328100;A044113;2008JJ00;2.0
4407;328100;A044113;2009JJ00;1.7
4408;328100;A044113;2010JJ00;1.8
4409;328100;A044113;2011JJ00;1.8
4410;328100;A044113;2012JJ00;1.5
4411;328100;A044113;2013JJ00;1.3
4412;328100;A044113;2014JJ00;1.3
4413;328100;A044113;2015JJ00;1.4
4414;328100;A044113;2016JJ00;1.4
4415;328100;A044113;2017JJ00;1.3
4416;328100;A044113;2018JJ00;1.3
4417;328100;A044113;2019JJ00;1.4
4418;328100;A044113;2020JJ00;1.2
4419;328100;A044113;2021JJ00;1.2
4420;328100;A044113;2022JJ00;1.1
4421;328100;A044113;2023JJ00;0.9
4422;328100;A044113;2024JJ00;0.9
4423;328100;A044113;2025JJ00;0.9
4424;328100;A051771;1990JJ00;7.0
4425;328100;A051771;1995JJ00;4.3
4426;328100;A051771;2000JJ00;2.0
4427;328100;A051771;2001JJ00;1.8
4428;328100;A051771;2002JJ00;1.7
4429;328100;A051771;2003JJ00;1.6
4430;328100;A051771;2004JJ00;1.7
4431;328100;A051771;2005JJ00;1.5
4432;328100;A051771;2006JJ00;1.4
4433;328100;A051771;2007JJ00;1.5
4434;328100;A051771;2008JJ00;1.3
4435;328100;A051771;2009JJ00;1.1
4436;328100;A051771;2010JJ00;1.3
4437;328100;A051771;2011JJ00;1.4
4438;328100;A051771;2012JJ00;0.8
4439;328100;A051771;2013JJ00;0.8
4440;328100;A051771;2014JJ00;0.8
4441;328100;A051771;2015JJ00;0.9
4442;328100;A051771;2016JJ00;0.9
4443;328100;A051771;2017JJ00;0.9
4444;328100;A051771;2018JJ00;0.8
4445;328100;A051771;2019JJ00;0.9
4446;328100;A051771;2020JJ00;0.7
4447;328100;A051771;2021JJ00;0.7
4448;328100;A051771;2022JJ00;0.6
4449;328100;A051771;2023JJ00;0.5
4450;328100;A051771;2024JJ00;0.5
4451;328100;A051771;2025JJ00;0.5
4452;328100;A044108;1990JJ00;225.3
4453;328100;A044108;1995JJ00;148.7
4454;328100;A044108;2000JJ00;106.1
4455;328100;A044108;2001JJ00;102.2
4456;328100;A044108;2002JJ00;95.4
4457;328100;A044108;2003JJ00;106.1
4458;328100;A044108;2004JJ00;125.0
4459;328100;A044108;2005JJ00;115.3
4460;328100;A044108;2006JJ00;125.1
4461;328100;A044108;2007JJ00;117.4
4462;328100;A044108;2008JJ00;122.0
4463;328100;A044108;2009JJ00;73.7
4464;328100;A044108;2010JJ00;95.3
4465;328100;A044108;2011JJ00;80.4
4466;328100;A044108;2012JJ00;75.7
4467;328100;A044108;2013JJ00;67.2
4468;328100;A044108;2014JJ00;67.7
4469;328100;A044108;2015JJ00;71.2
4470;328100;A044108;2016JJ00;68.6
4471;328100;A044108;2017JJ00;62.6
4472;328100;A044108;2018JJ00;66.7
4473;328100;A044108;2019JJ00;67.0
4474;328100;A044108;2020JJ00;60.6
4475;328100;A044108;2021JJ00;55.8
4476;328100;A044108;2022JJ00;60.5
4477;328100;A044108;2023JJ00;49.4
4478;328100;A044108;2024JJ00;60.4
4479;328100;A044108;2025JJ00;60.3
4480;800049;A044109;1990JJ00;1000.0
4481;800049;A044109;1995JJ00;1000.0
4482;800049;A044109;2000JJ00;1000.0
4483;800049;A044109;2001JJ00;1000.0
4484;800049;A044109;2002JJ00;1000.0
4485;800049;A044109;2003JJ00;900.0
4486;800049;A044109;2004JJ00;900.0
4487;800049;A044109;2005JJ00;900.0
4488;800049;A044109;2006JJ00;800.0
4489;800049;A044109;2007JJ00;800.0
4490;800049;A044109;2008JJ00;800.0
4491;800049;A044109;2009JJ00;800.0
4492;800049;A044109;2010JJ00;900.0
4493;800049;A044109;2011JJ00;700.0
4494;800049;A044109;2012JJ00;700.0
4495;800049;A044109;2013JJ00;700.0
4496;800049;A044109;2014JJ00;600.0
4497;800049;A044109;2015JJ00;600.0
4498;800049;A044109;2016JJ00;600.0
4499;800049;A044109;2017JJ00;600.0
4500;800049;A044109;2018JJ00;600.0
4501;800049;A044109;2019JJ00;600.0
4502;800049;A044109;2020JJ00;500.0
4503;800049;A044109;2021JJ00;600.0
4504;800049;A044109;2022JJ00;400.0
4505;800049;A044109;2023JJ00;400.0
4506;800049;A044109;2024JJ00;400.0
4507;800049;A044109;2025JJ00;400.0
4592;800049;A044112;1990JJ00;3.7
4593;800049;A044112;1995JJ00;1.2
4594;800049;A044112;2000JJ00;0.7
4595;800049;A044112;2001JJ00;0.8
4596;800049;A044112;2002JJ00;0.9
4597;800049;A044112;2003JJ00;0.5
4598;800049;A044112;2004JJ00;0.6
4599;800049;A044112;2005JJ00;0.6
4600;800049;A044112;2006JJ00;0.6
4601;800049;A044112;2007JJ00;0.6
4602;800049;A044112;2008JJ00;0.6
4603;800049;A044112;2009JJ00;0.7
4604;800049;A044112;2010JJ00;0.8
4605;800049;A044112;2011JJ00;1.1
4606;800049;A044112;2012JJ00;1.0
4607;800049;A044112;2013JJ00;0.9
4608;800049;A044112;2014JJ00;0.7
4609;800049;A044112;2015JJ00;0.8
4610;800049;A044112;2016JJ00;0.8
4611;800049;A044112;2017JJ00;0.8
4612;800049;A044112;2018JJ00;0.7
4613;800049;A044112;2019JJ00;0.8
4614;800049;A044112;2020JJ00;0.6
4615;800049;A044112;2021JJ00;0.5
4616;800049;A044112;2022JJ00;0.3
4617;800049;A044112;2023JJ00;0.3
4618;800049;A044112;2024JJ00;0.3
4619;800049;A044112;2025JJ00;0.3
4620;800049;A044114;1990JJ00;3.4
4621;800049;A044114;1995JJ00;0.4
4622;800049;A044114;2000JJ00;0.0
4623;800049;A044114;2001JJ00;0.3
4624;800049;A044114;2002JJ00;0.0
4625;800049;A044114;2003JJ00;0.0
4626;800049;A044114;2004JJ00;0.4
4627;800049;A044114;2005JJ00;0.3
4628;800049;A044114;2006JJ00;0.3
4629;800049;A044114;2007JJ00;0.3
4630;800049;A044114;2008JJ00;0.5
4631;800049;A044114;2009JJ00;0.4
4632;800049;A044114;2010JJ00;0.5
4633;800049;A044114;2011JJ00;0.6
4634;800049;A044114;2012JJ00;0.5
4635;800049;A044114;2013JJ00;0.8
4636;800049;A044114;2014JJ00;0.8
4637;800049;A044114;2015JJ00;0.8
4638;800049;A044114;2016JJ00;0.8
4639;800049;A044114;2017JJ00;0.8
4640;800049;A044114;2018JJ00;0.8
4641;800049;A044114;2019JJ00;0.7
4642;800049;A044114;2020JJ00;0.5
4643;800049;A044114;2021JJ00;0.4
4644;800049;A044114;2022JJ00;0.0
4645;800049;A044114;2023JJ00;0.0
4646;800049;A044114;2024JJ00;0.0
4647;800049;A044114;2025JJ00;0.0
4676;800049;A044113;1990JJ00;2.1
4677;800049;A044113;1995JJ00;0.7
4678;800049;A044113;2000JJ00;0.7
4679;800049;A044113;2001JJ00;0.7
4680;800049;A044113;2002JJ00;0.6
4681;800049;A044113;2003JJ00;0.6
4682;800049;A044113;2004JJ00;0.6
4683;800049;A044113;2005JJ00;0.5
4684;800049;A044113;2006JJ00;0.5
4685;800049;A044113;2007JJ00;0.5
4686;800049;A044113;2008JJ00;0.6
4687;800049;A044113;2009JJ00;0.5
4688;800049;A044113;2010JJ00;0.6
4689;800049;A044113;2011JJ00;0.5
4690;800049;A044113;2012JJ00;0.5
4691;800049;A044113;2013JJ00;0.5
4692;800049;A044113;2014JJ00;0.5
4693;800049;A044113;2015JJ00;0.5
4694;800049;A044113;2016JJ00;0.5
4695;800049;A044113;2017JJ00;0.6
4696;800049;A044113;2018JJ00;0.5
4697;800049;A044113;2019JJ00;0.5
4698;800049;A044113;2020JJ00;0.5
4699;800049;A044113;2021JJ00;0.5
4700;800049;A044113;2022JJ00;0.5
4701;800049;A044113;2023JJ00;0.5
4702;800049;A044113;2024JJ00;0.4
4703;800049;A044113;2025JJ00;0.4
4704;800049;A051771;1990JJ00;0.8
4705;800049;A051771;1995JJ00;0.3
4706;800049;A051771;2000JJ00;0.2
4707;800049;A051771;2001JJ00;0.2
4708;800049;A051771;2002JJ00;0.2
4709;800049;A051771;2003JJ00;0.2
4710;800049;A051771;2004JJ00;0.2
4711;800049;A051771;2005JJ00;0.2
4712;800049;A051771;2006JJ00;0.2
4713;800049;A051771;2007JJ00;0.2
4714;800049;A051771;2008JJ00;0.2
4715;800049;A051771;2009JJ00;0.2
4716;800049;A051771;2010JJ00;0.1
4717;800049;A051771;2011JJ00;0.2
4718;800049;A051771;2012JJ00;0.2
4719;800049;A051771;2013JJ00;0.2
4720;800049;A051771;2014JJ00;0.2
4721;800049;A051771;2015JJ00;0.2
4722;800049;A051771;2016JJ00;0.2
4723;800049;A051771;2017JJ00;0.2
4724;800049;A051771;2018JJ00;0.2
4725;800049;A051771;2019JJ00;0.2
4726;800049;A051771;2020JJ00;0.2
4727;800049;A051771;2021JJ00;0.2
4728;800049;A051771;2022JJ00;0.2
4729;800049;A051771;2023JJ00;0.2
4730;800049;A051771;2024JJ00;0.2
4731;800049;A051771;2025JJ00;0.2
4732;800049;A044108;1990JJ00;4.3
4733;800049;A044108;1995JJ00;0.5
4734;800049;A044108;2000JJ00;0.5
4735;800049;A044108;2001JJ00;2.6
4736;800049;A044108;2002JJ00;0.7
4737;800049;A044108;2003JJ00;0.6
4738;800049;A044108;2004JJ00;2.5
4739;800049;A044108;2005JJ00;3.2
4740;800049;A044108;2006JJ00;2.5
4741;800049;A044108;2007JJ00;2.1
4742;800049;A044108;2008JJ00;2.6
4743;800049;A044108;2009JJ00;2.5
4744;800049;A044108;2010JJ00;2.6
4745;800049;A044108;2011JJ00;2.4
4746;800049;A044108;2012JJ00;0.4
4747;800049;A044108;2013JJ00;0.3
4748;800049;A044108;2014JJ00;0.4
4749;800049;A044108;2015JJ00;0.3
4750;800049;A044108;2016JJ00;0.3
4751;800049;A044108;2017JJ00;0.3
4752;800049;A044108;2018JJ00;0.3
4753;800049;A044108;2019JJ00;0.3
4754;800049;A044108;2020JJ00;0.3
4755;800049;A044108;2021JJ00;0.3
4756;800049;A044108;2022JJ00;0.3
4757;800049;A044108;2023JJ00;0.3
4758;800049;A044108;2024JJ00;0.3
4759;800049;A044108;2025JJ00;0.3
4760;339205;A044109;1990JJ00;200.0
4761;339205;A044109;1995JJ00;200.0
4762;339205;A044109;2000JJ00;200.0
4763;339205;A044109;2001JJ00;200.0
4764;339205;A044109;2002JJ00;200.0
4765;339205;A044109;2003JJ00;200.0
4766;339205;A044109;2004JJ00;200.0
4767;339205;A044109;2005JJ00;100.0
4768;339205;A044109;2006JJ00;100.0
4769;339205;A044109;2007JJ00;100.0
4770;339205;A044109;2008JJ00;100.0
4771;339205;A044109;2009JJ00;100.0
4772;339205;A044109;2010JJ00;200.0
4773;339205;A044109;2011JJ00;100.0
4774;339205;A044109;2012JJ00;100.0
4775;339205;A044109;2013JJ00;100.0
4776;339205;A044109;2014JJ00;100.0
4777;339205;A044109;2015JJ00;100.0
4778;339205;A044109;2016JJ00;100.0
4779;339205;A044109;2017JJ00;100.0
4780;339205;A044109;2018JJ00;100.0
4781;339205;A044109;2019JJ00;100.0
4782;339205;A044109;2020JJ00;100.0
4783;339205;A044109;2021JJ00;100.0
4784;339205;A044109;2022JJ00;100.0
4785;339205;A044109;2023JJ00;100.0
4786;339205;A044109;2024JJ00;100.0
4787;339205;A044109;2025JJ00;100.0
4872;339205;A044112;1990JJ00;0.4
4873;339205;A044112;1995JJ00;0.4
4874;339205;A044112;2000JJ00;0.1
4875;339205;A044112;2001JJ00;0.1
4876;339205;A044112;2002JJ00;0.1
4877;339205;A044112;2003JJ00;0.1
4878;339205;A044112;2004JJ00;0.1
4879;339205;A044112;2005JJ00;0.1
4880;339205;A044112;2006JJ00;0.1
4881;339205;A044112;2007JJ00;0.1
4882;339205;A044112;2008JJ00;0.1
4883;339205;A044112;2009JJ00;0.1
4884;339205;A044112;2010JJ00;0.1
4885;339205;A044112;2011JJ00;0.1
4886;339205;A044112;2012JJ00;0.1
4887;339205;A044112;2013JJ00;0.1
4888;339205;A044112;2014JJ00;0.1
4889;339205;A044112;2015JJ00;0.1
4890;339205;A044112;2016JJ00;0.1
4891;339205;A044112;2017JJ00;0.1
4892;339205;A044112;2018JJ00;0.1
4893;339205;A044112;2019JJ00;0.1
4894;339205;A044112;2020JJ00;0.1
4895;339205;A044112;2021JJ00;0.1
4896;339205;A044112;2022JJ00;0.1
4897;339205;A044112;2023JJ00;0.1
4898;339205;A044112;2024JJ00;0.1
4899;339205;A044112;2025JJ00;0.1
4900;339205;A044114;1990JJ00;0.0
4901;339205;A044114;1995JJ00;0.0
4902;339205;A044114;2000JJ00;0.0
4903;339205;A044114;2001JJ00;0.0
4904;339205;A044114;2002JJ00;0.0
4905;339205;A044114;2003JJ00;0.0
4906;339205;A044114;2004JJ00;0.0
4907;339205;A044114;2005JJ00;0.0
4908;339205;A044114;2006JJ00;0.0
4909;339205;A044114;2007JJ00;0.0
4910;339205;A044114;2008JJ00;0.0
4911;339205;A044114;2009JJ00;0.0
4912;339205;A044114;2010JJ00;0.0
4913;339205;A044114;2011JJ00;0.0
4914;339205;A044114;2012JJ00;0.0
4915;339205;A044114;2013JJ00;0.0
4916;339205;A044114;2014JJ00;0.0
4917;339205;A044114;2015JJ00;0.0
4918;339205;A044114;2016JJ00;0.0
4919;339205;A044114;2017JJ00;0.0
4920;339205;A044114;2018JJ00;0.0
4921;339205;A044114;2019JJ00;0.0
4922;339205;A044114;2020JJ00;0.0
4923;339205;A044114;2021JJ00;0.0
4924;339205;A044114;2022JJ00;0.0
4925;339205;A044114;2023JJ00;0.0
4926;339205;A044114;2024JJ00;0.0
4927;339205;A044114;2025JJ00;0.0
4956;339205;A044113;1990JJ00;0.6
4957;339205;A044113;1995JJ00;0.0
4958;339205;A044113;2000JJ00;0.0
4959;339205;A044113;2001JJ00;0.0
4960;339205;A044113;2002JJ00;0.0
4961;339205;A044113;2003JJ00;0.0
4962;339205;A044113;2004JJ00;0.0
4963;339205;A044113;2005JJ00;0.0
4964;339205;A044113;2006JJ00;0.0
4965;339205;A044113;2007JJ00;0.0
4966;339205;A044113;2008JJ00;0.0
4967;339205;A044113;2009JJ00;0.0
4968;339205;A044113;2010JJ00;0.0
4969;339205;A044113;2011JJ00;0.0
4970;339205;A044113;2012JJ00;0.0
4971;339205;A044113;2013JJ00;0.0
4972;339205;A044113;2014JJ00;0.0
4973;339205;A044113;2015JJ00;0.0
4974;339205;A044113;2016JJ00;0.0
4975;339205;A044113;2017JJ00;0.0
4976;339205;A044113;2018JJ00;0.0
4977;339205;A044113;2019JJ00;0.0
4978;339205;A044113;2020JJ00;0.0
4979;339205;A044113;2021JJ00;0.0
4980;339205;A044113;2022JJ00;0.0
4981;339205;A044113;2023JJ00;0.0
4982;339205;A044113;2024JJ00;0.0
4983;339205;A044113;2025JJ00;0.0
4984;339205;A051771;1990JJ00;0.3
4985;339205;A051771;1995JJ00;0.0
4986;339205;A051771;2000JJ00;0.0
4987;339205;A051771;2001JJ00;0.0
4988;339205;A051771;2002JJ00;0.0
4989;339205;A051771;2003JJ00;0.0
4990;339205;A051771;2004JJ00;0.0
4991;339205;A051771;2005JJ00;0.0
4992;339205;A051771;2006JJ00;0.0
4993;339205;A051771;2007JJ00;0.0
4994;339205;A051771;2008JJ00;0.0
4995;339205;A051771;2009JJ00;0.0
4996;339205;A051771;2010JJ00;0.0
4997;339205;A051771;2011JJ00;0.0
4998;339205;A051771;2012JJ00;0.0
4999;339205;A051771;2013JJ00;0.0
5000;339205;A051771;2014JJ00;0.0
5001;339205;A051771;2015JJ00;0.0
5002;339205;A051771;2016JJ00;0.0
5003;339205;A051771;2017JJ00;0.0
5004;339205;A051771;2018JJ00;0.0
5005;339205;A051771;2019JJ00;0.0
5006;339205;A051771;2020JJ00;0.0
5007;339205;A051771;2021JJ00;0.0
5008;339205;A051771;2022JJ00;0.0
5009;339205;A051771;2023JJ00;0.0
5010;339205;A051771;2024JJ00;0.0
5011;339205;A051771;2025JJ00;0.0
5012;339205;A044108;1990JJ00;0.9
5013;339205;A044108;1995JJ00;0.7
5014;339205;A044108;2000JJ00;0.2
5015;339205;A044108;2001JJ00;0.1
5016;339205;A044108;2002JJ00;0.2
5017;339205;A044108;2003JJ00;0.2
5018;339205;A044108;2004JJ00;0.2
5019;339205;A044108;2005JJ00;0.2
5020;339205;A044108;2006JJ00;0.1
5021;339205;A044108;2007JJ00;0.1
5022;339205;A044108;2008JJ00;0.1
5023;339205;A044108;2009JJ00;0.1
5024;339205;A044108;2010JJ00;0.1
5025;339205;A044108;2011JJ00;0.1
5026;339205;A044108;2012JJ00;0.1
5027;339205;A044108;2013JJ00;0.1
5028;339205;A044108;2014JJ00;0.1
5029;339205;A044108;2015JJ00;0.1
5030;339205;A044108;2016JJ00;0.1
5031;339205;A044108;2017JJ00;0.2
5032;339205;A044108;2018JJ00;0.2
5033;339205;A044108;2019JJ00;0.1
5034;339205;A044108;2020JJ00;0.1
5035;339205;A044108;2021JJ00;0.1
5036;339205;A044108;2022JJ00;0.1
5037;339205;A044108;2023JJ00;0.1
5038;339205;A044108;2024JJ00;0.1
5039;339205;A044108;2025JJ00;0.1
5040;800050;A044109;1990JJ00;500.0
5041;800050;A044109;1995JJ00;700.0
5042;800050;A044109;2000JJ00;700.0
5043;800050;A044109;2001JJ00;700.0
5044;800050;A044109;2002JJ00;800.0
5045;800050;A044109;2003JJ00;800.0
5046;800050;A044109;2004JJ00;900.0
5047;800050;A044109;2005JJ00;900.0
5048;800050;A044109;2006JJ00;1000.0
5049;800050;A044109;2007JJ00;1000.0
5050;800050;A044109;2008JJ00;1600.0
5051;800050;A044109;2009JJ00;1700.0
5052;800050;A044109;2010JJ00;1600.0
5053;800050;A044109;2011JJ00;1500.0
5054;800050;A044109;2012JJ00;1600.0
5055;800050;A044109;2013JJ00;1500.0
5056;800050;A044109;2014JJ00;1400.0
5057;800050;A044109;2015JJ00;1700.0
5058;800050;A044109;2016JJ00;1800.0
5059;800050;A044109;2017JJ00;2000.0
5060;800050;A044109;2018JJ00;2000.0
5061;800050;A044109;2019JJ00;1900.0
5062;800050;A044109;2020JJ00;1900.0
5063;800050;A044109;2021JJ00;2200.0
5064;800050;A044109;2022JJ00;2100.0
5065;800050;A044109;2023JJ00;1700.0
5066;800050;A044109;2024JJ00;1700.0
5067;800050;A044109;2025JJ00;1700.0
5152;800050;A044112;1990JJ00;0.2
5153;800050;A044112;1995JJ00;0.7
5154;800050;A044112;2000JJ00;0.3
5155;800050;A044112;2001JJ00;0.4
5156;800050;A044112;2002JJ00;0.3
5157;800050;A044112;2003JJ00;0.3
5158;800050;A044112;2004JJ00;0.3
5159;800050;A044112;2005JJ00;0.3
5160;800050;A044112;2006JJ00;0.7
5161;800050;A044112;2007JJ00;0.3
5162;800050;A044112;2008JJ00;0.3
5163;800050;A044112;2009JJ00;0.2
5164;800050;A044112;2010JJ00;0.2
5165;800050;A044112;2011JJ00;0.2
5166;800050;A044112;2012JJ00;0.2
5167;800050;A044112;2013JJ00;0.2
5168;800050;A044112;2014JJ00;0.2
5169;800050;A044112;2015JJ00;0.2
5170;800050;A044112;2016JJ00;0.2
5171;800050;A044112;2017JJ00;0.2
5172;800050;A044112;2018JJ00;0.2
5173;800050;A044112;2019JJ00;0.2
5174;800050;A044112;2020JJ00;0.2
5175;800050;A044112;2021JJ00;0.2
5176;800050;A044112;2022JJ00;0.2
5177;800050;A044112;2023JJ00;0.1
5178;800050;A044112;2024JJ00;0.2
5179;800050;A044112;2025JJ00;0.2
5180;800050;A044114;1990JJ00;0.1
5181;800050;A044114;1995JJ00;0.1
5182;800050;A044114;2000JJ00;0.0
5183;800050;A044114;2001JJ00;0.0
5184;800050;A044114;2002JJ00;0.0
5185;800050;A044114;2003JJ00;0.0
5186;800050;A044114;2004JJ00;0.0
5187;800050;A044114;2005JJ00;0.0
5188;800050;A044114;2006JJ00;0.0
5189;800050;A044114;2007JJ00;0.0
5190;800050;A044114;2008JJ00;0.0
5191;800050;A044114;2009JJ00;0.0
5192;800050;A044114;2010JJ00;0.0
5193;800050;A044114;2011JJ00;0.0
5194;800050;A044114;2012JJ00;0.0
5195;800050;A044114;2013JJ00;0.0
5196;800050;A044114;2014JJ00;0.0
5197;800050;A044114;2015JJ00;0.0
5198;800050;A044114;2016JJ00;0.0
5199;800050;A044114;2017JJ00;0.0
5200;800050;A044114;2018JJ00;0.0
5201;800050;A044114;2019JJ00;0.0
5202;800050;A044114;2020JJ00;0.0
5203;800050;A044114;2021JJ00;0.0
5204;800050;A044114;2022JJ00;0.0
5205;800050;A044114;2023JJ00;0.0
5206;800050;A044114;2024JJ00;0.0
5207;800050;A044114;2025JJ00;0.0
5236;800050;A044113;1990JJ00;0.2
5237;800050;A044113;1995JJ00;0.1
5238;800050;A044113;2000JJ00;0.1
5239;800050;A044113;2001JJ00;0.1
5240;800050;A044113;2002JJ00;0.1
5241;800050;A044113;2003JJ00;0.1
5242;800050;A044113;2004JJ00;0.1
5243;800050;A044113;2005JJ00;0.1
5244;800050;A044113;2006JJ00;0.1
5245;800050;A044113;2007JJ00;0.1
5246;800050;A044113;2008JJ00;0.1
5247;800050;A044113;2009JJ00;0.1
5248;800050;A044113;2010JJ00;0.1
5249;800050;A044113;2011JJ00;0.1
5250;800050;A044113;2012JJ00;0.1
5251;800050;A044113;2013JJ00;0.1
5252;800050;A044113;2014JJ00;0.1
5253;800050;A044113;2015JJ00;0.1
5254;800050;A044113;2016JJ00;0.1
5255;800050;A044113;2017JJ00;0.1
5256;800050;A044113;2018JJ00;0.1
5257;800050;A044113;2019JJ00;0.1
5258;800050;A044113;2020JJ00;0.1
5259;800050;A044113;2021JJ00;0.1
5260;800050;A044113;2022JJ00;0.1
5261;800050;A044113;2023JJ00;0.1
5262;800050;A044113;2024JJ00;0.1
5263;800050;A044113;2025JJ00;0.1
5264;800050;A051771;1990JJ00;0.1
5265;800050;A051771;1995JJ00;0.1
5266;800050;A051771;2000JJ00;0.1
5267;800050;A051771;2001JJ00;0.1
5268;800050;A051771;2002JJ00;0.1
5269;800050;A051771;2003JJ00;0.1
5270;800050;A051771;2004JJ00;0.1
5271;800050;A051771;2005JJ00;0.1
5272;800050;A051771;2006JJ00;0.1
5273;800050;A051771;2007JJ00;0.1
5274;800050;A051771;2008JJ00;0.1
5275;800050;A051771;2009JJ00;0.1
5276;800050;A051771;2010JJ00;0.1
5277;800050;A051771;2011JJ00;0.1
5278;800050;A051771;2012JJ00;0.1
5279;800050;A051771;2013JJ00;0.1
5280;800050;A051771;2014JJ00;0.0
5281;800050;A051771;2015JJ00;0.0
5282;800050;A051771;2016JJ00;0.0
5283;800050;A051771;2017JJ00;0.0
5284;800050;A051771;2018JJ00;0.0
5285;800050;A051771;2019JJ00;0.0
5286;800050;A051771;2020JJ00;0.0
5287;800050;A051771;2021JJ00;0.0
5288;800050;A051771;2022JJ00;0.0
5289;800050;A051771;2023JJ00;0.0
5290;800050;A051771;2024JJ00;0.0
5291;800050;A051771;2025JJ00;0.0
5292;800050;A044108;1990JJ00;0.1
5293;800050;A044108;1995JJ00;0.4
5294;800050;A044108;2000JJ00;0.2
5295;800050;A044108;2001JJ00;0.2
5296;800050;A044108;2002JJ00;0.4
5297;800050;A044108;2003JJ00;0.2
5298;800050;A044108;2004JJ00;0.3
5299;800050;A044108;2005JJ00;0.3
5300;800050;A044108;2006JJ00;0.3
5301;800050;A044108;2007JJ00;0.2
5302;800050;A044108;2008JJ00;0.2
5303;800050;A044108;2009JJ00;0.2
5304;800050;A044108;2010JJ00;0.2
5305;800050;A044108;2011JJ00;0.2
5306;800050;A044108;2012JJ00;0.2
5307;800050;A044108;2013JJ00;0.2
5308;800050;A044108;2014JJ00;0.2
5309;800050;A044108;2015JJ00;0.2
5310;800050;A044108;2016JJ00;0.2
5311;800050;A044108;2017JJ00;0.2
5312;800050;A044108;2018JJ00;0.2
5313;800050;A044108;2019JJ00;0.2
5314;800050;A044108;2020JJ00;0.2
5315;800050;A044108;2021JJ00;0.2
5316;800050;A044108;2022JJ00;0.1
5317;800050;A044108;2023JJ00;0.1
5318;800050;A044108;2024JJ00;0.1
5319;800050;A044108;2025JJ00;0.1
5320;350000;A044109;1990JJ00;500.0
5321;350000;A044109;1995JJ00;700.0
5322;350000;A044109;2000JJ00;700.0
5323;350000;A044109;2001JJ00;800.0
5324;350000;A044109;2002JJ00;800.0
5325;350000;A044109;2003JJ00;900.0
5326;350000;A044109;2004JJ00;800.0
5327;350000;A044109;2005JJ00;800.0
5328;350000;A044109;2006JJ00;800.0
5329;350000;A044109;2007JJ00;800.0
5330;350000;A044109;2008JJ00;800.0
5331;350000;A044109;2009JJ00;700.0
5332;350000;A044109;2010JJ00;800.0
5333;350000;A044109;2011JJ00;800.0
5334;350000;A044109;2012JJ00;800.0
5335;350000;A044109;2013JJ00;800.0
5336;350000;A044109;2014JJ00;700.0
5337;350000;A044109;2015JJ00;600.0
5338;350000;A044109;2016JJ00;600.0
5339;350000;A044109;2017JJ00;700.0
5340;350000;A044109;2018JJ00;700.0
5341;350000;A044109;2019JJ00;600.0
5342;350000;A044109;2020JJ00;500.0
5343;350000;A044109;2021JJ00;500.0
5344;350000;A044109;2022JJ00;500.0
5345;350000;A044109;2023JJ00;500.0
5346;350000;A044109;2024JJ00;500.0
5347;350000;A044109;2025JJ00;400.0
5432;350000;A044112;1990JJ00;0.5
5433;350000;A044112;1995JJ00;0.5
5434;350000;A044112;2000JJ00;1.2
5435;350000;A044112;2001JJ00;1.1
5436;350000;A044112;2002JJ00;0.9
5437;350000;A044112;2003JJ00;0.9
5438;350000;A044112;2004JJ00;0.8
5439;350000;A044112;2005JJ00;0.9
5440;350000;A044112;2006JJ00;0.8
5441;350000;A044112;2007JJ00;0.9
5442;350000;A044112;2008JJ00;0.8
5443;350000;A044112;2009JJ00;0.5
5444;350000;A044112;2010JJ00;0.7
5445;350000;A044112;2011JJ00;0.7
5446;350000;A044112;2012JJ00;0.7
5447;350000;A044112;2013JJ00;0.6
5448;350000;A044112;2014JJ00;0.6
5449;350000;A044112;2015JJ00;0.6
5450;350000;A044112;2016JJ00;0.5
5451;350000;A044112;2017JJ00;0.5
5452;350000;A044112;2018JJ00;0.4
5453;350000;A044112;2019JJ00;0.5
5454;350000;A044112;2020JJ00;0.4
5455;350000;A044112;2021JJ00;0.5
5456;350000;A044112;2022JJ00;0.5
5457;350000;A044112;2023JJ00;0.3
5458;350000;A044112;2024JJ00;0.4
5459;350000;A044112;2025JJ00;0.4
5460;350000;A044114;1990JJ00;0.6
5461;350000;A044114;1995JJ00;0.5
5462;350000;A044114;2000JJ00;0.7
5463;350000;A044114;2001JJ00;0.4
5464;350000;A044114;2002JJ00;0.6
5465;350000;A044114;2003JJ00;0.1
5466;350000;A044114;2004JJ00;0.2
5467;350000;A044114;2005JJ00;0.1
5468;350000;A044114;2006JJ00;0.2
5469;350000;A044114;2007JJ00;0.1
5470;350000;A044114;2008JJ00;0.1
5471;350000;A044114;2009JJ00;0.1
5472;350000;A044114;2010JJ00;0.1
5473;350000;A044114;2011JJ00;0.1
5474;350000;A044114;2012JJ00;0.1
5475;350000;A044114;2013JJ00;0.1
5476;350000;A044114;2014JJ00;0.1
5477;350000;A044114;2015JJ00;0.1
5478;350000;A044114;2016JJ00;0.1
5479;350000;A044114;2017JJ00;0.1
5480;350000;A044114;2018JJ00;0.0
5481;350000;A044114;2019JJ00;0.0
5482;350000;A044114;2020JJ00;0.0
5483;350000;A044114;2021JJ00;0.0
5484;350000;A044114;2022JJ00;0.0
5485;350000;A044114;2023JJ00;0.0
5486;350000;A044114;2024JJ00;0.0
5487;350000;A044114;2025JJ00;0.0
5516;350000;A044113;1990JJ00;1.0
5517;350000;A044113;1995JJ00;1.1
5518;350000;A044113;2000JJ00;1.4
5519;350000;A044113;2001JJ00;1.5
5520;350000;A044113;2002JJ00;1.4
5521;350000;A044113;2003JJ00;1.4
5522;350000;A044113;2004JJ00;1.2
5523;350000;A044113;2005JJ00;1.2
5524;350000;A044113;2006JJ00;1.3
5525;350000;A044113;2007JJ00;1.4
5526;350000;A044113;2008JJ00;1.4
5527;350000;A044113;2009JJ00;1.3
5528;350000;A044113;2010JJ00;1.2
5529;350000;A044113;2011JJ00;1.1
5530;350000;A044113;2012JJ00;1.1
5531;350000;A044113;2013JJ00;1.1
5532;350000;A044113;2014JJ00;1.1
5533;350000;A044113;2015JJ00;1.2
5534;350000;A044113;2016JJ00;1.2
5535;350000;A044113;2017JJ00;1.2
5536;350000;A044113;2018JJ00;1.2
5537;350000;A044113;2019JJ00;1.2
5538;350000;A044113;2020JJ00;1.2
5539;350000;A044113;2021JJ00;1.3
5540;350000;A044113;2022JJ00;1.5
5541;350000;A044113;2023JJ00;1.5
5542;350000;A044113;2024JJ00;1.7
5543;350000;A044113;2025JJ00;1.8
5544;350000;A051771;1990JJ00;0.4
5545;350000;A051771;1995JJ00;0.4
5546;350000;A051771;2000JJ00;0.5
5547;350000;A051771;2001JJ00;0.6
5548;350000;A051771;2002JJ00;0.5
5549;350000;A051771;2003JJ00;0.6
5550;350000;A051771;2004JJ00;0.4
5551;350000;A051771;2005JJ00;0.4
5552;350000;A051771;2006JJ00;0.4
5553;350000;A051771;2007JJ00;0.5
5554;350000;A051771;2008JJ00;0.5
5555;350000;A051771;2009JJ00;0.5
5556;350000;A051771;2010JJ00;0.4
5557;350000;A051771;2011JJ00;0.4
5558;350000;A051771;2012JJ00;0.4
5559;350000;A051771;2013JJ00;0.4
5560;350000;A051771;2014JJ00;0.4
5561;350000;A051771;2015JJ00;0.4
5562;350000;A051771;2016JJ00;0.4
5563;350000;A051771;2017JJ00;0.4
5564;350000;A051771;2018JJ00;0.4
5565;350000;A051771;2019JJ00;0.4
5566;350000;A051771;2020JJ00;0.4
5567;350000;A051771;2021JJ00;0.5
5568;350000;A051771;2022JJ00;0.5
5569;350000;A051771;2023JJ00;0.5
5570;350000;A051771;2024JJ00;0.6
5571;350000;A051771;2025JJ00;0.6
5572;350000;A044108;1990JJ00;0.1
5573;350000;A044108;1995JJ00;0.2
5574;350000;A044108;2000JJ00;0.6
5575;350000;A044108;2001JJ00;0.6
5576;350000;A044108;2002JJ00;0.3
5577;350000;A044108;2003JJ00;0.4
5578;350000;A044108;2004JJ00;0.9
5579;350000;A044108;2005JJ00;0.9
5580;350000;A044108;2006JJ00;0.8
5581;350000;A044108;2007JJ00;1.4
5582;350000;A044108;2008JJ00;1.0
5583;350000;A044108;2009JJ00;0.2
5584;350000;A044108;2010JJ00;0.7
5585;350000;A044108;2011JJ00;0.7
5586;350000;A044108;2012JJ00;0.6
5587;350000;A044108;2013JJ00;0.4
5588;350000;A044108;2014JJ00;0.4
5589;350000;A044108;2015JJ00;0.6
5590;350000;A044108;2016JJ00;0.6
5591;350000;A044108;2017JJ00;0.6
5592;350000;A044108;2018JJ00;0.8
5593;350000;A044108;2019JJ00;0.7
5594;350000;A044108;2020JJ00;0.5
5595;350000;A044108;2021JJ00;0.7
5596;350000;A044108;2022JJ00;0.6
5597;350000;A044108;2023JJ00;0.5
5598;350000;A044108;2024JJ00;0.4
5599;350000;A044108;2025JJ00;0.4
5880;800051;A044109;1990JJ00;21000.0
5881;800051;A044109;1995JJ00;22700.0
5882;800051;A044109;2000JJ00;23200.0
5883;800051;A044109;2001JJ00;23300.0
5884;800051;A044109;2002JJ00;22600.0
5885;800051;A044109;2003JJ00;23300.0
5886;800051;A044109;2004JJ00;24400.0
5887;800051;A044109;2005JJ00;23700.0
5888;800051;A044109;2006JJ00;23200.0
5889;800051;A044109;2007JJ00;23200.0
5890;800051;A044109;2008JJ00;25100.0
5891;800051;A044109;2009JJ00;25900.0
5892;800051;A044109;2010JJ00;28800.0
5893;800051;A044109;2011JJ00;26200.0
5894;800051;A044109;2012JJ00;27500.0
5895;800051;A044109;2013JJ00;27400.0
5896;800051;A044109;2014JJ00;24600.0
5897;800051;A044109;2015JJ00;25600.0
5898;800051;A044109;2016JJ00;25800.0
5899;800051;A044109;2017JJ00;25700.0
5900;800051;A044109;2018JJ00;25500.0
5901;800051;A044109;2019JJ00;24900.0
5902;800051;A044109;2020JJ00;24000.0
5903;800051;A044109;2021JJ00;24800.0
5904;800051;A044109;2022JJ00;21300.0
5905;800051;A044109;2023JJ00;20600.0
5906;800051;A044109;2024JJ00;19900.0
5907;800051;A044109;2025JJ00;19800.0
5992;800051;A044112;1990JJ00;77.3
5993;800051;A044112;1995JJ00;74.6
5994;800051;A044112;2000JJ00;64.9
5995;800051;A044112;2001JJ00;61.6
5996;800051;A044112;2002JJ00;57.7
5997;800051;A044112;2003JJ00;57.3
5998;800051;A044112;2004JJ00;56.7
5999;800051;A044112;2005JJ00;56.1
6000;800051;A044112;2006JJ00;57.4
6001;800051;A044112;2007JJ00;57.4
6002;800051;A044112;2008JJ00;60.1
6003;800051;A044112;2009JJ00;58.4
6004;800051;A044112;2010JJ00;61.1
6005;800051;A044112;2011JJ00;57.1
6006;800051;A044112;2012JJ00;54.8
6007;800051;A044112;2013JJ00;54.6
6008;800051;A044112;2014JJ00;51.2
6009;800051;A044112;2015JJ00;53.0
6010;800051;A044112;2016JJ00;50.8
6011;800051;A044112;2017JJ00;50.9
6012;800051;A044112;2018JJ00;48.9
6013;800051;A044112;2019JJ00;46.9
6014;800051;A044112;2020JJ00;45.7
6015;800051;A044112;2021JJ00;45.2
6016;800051;A044112;2022JJ00;42.2
6017;800051;A044112;2023JJ00;42.0
6018;800051;A044112;2024JJ00;41.3
6019;800051;A044112;2025JJ00;41.1
6020;800051;A044114;1990JJ00;5.4
6021;800051;A044114;1995JJ00;1.0
6022;800051;A044114;2000JJ00;0.4
6023;800051;A044114;2001JJ00;0.4
6024;800051;A044114;2002JJ00;0.3
6025;800051;A044114;2003JJ00;0.4
6026;800051;A044114;2004JJ00;0.3
6027;800051;A044114;2005JJ00;0.4
6028;800051;A044114;2006JJ00;0.4
6029;800051;A044114;2007JJ00;0.4
6030;800051;A044114;2008JJ00;0.5
6031;800051;A044114;2009JJ00;0.5
6032;800051;A044114;2010JJ00;0.6
6033;800051;A044114;2011JJ00;0.7
6034;800051;A044114;2012JJ00;0.5
6035;800051;A044114;2013JJ00;0.4
6036;800051;A044114;2014JJ00;0.4
6037;800051;A044114;2015JJ00;0.5
6038;800051;A044114;2016JJ00;1.3
6039;800051;A044114;2017JJ00;1.1
6040;800051;A044114;2018JJ00;0.7
6041;800051;A044114;2019JJ00;0.6
6042;800051;A044114;2020JJ00;0.6
6043;800051;A044114;2021JJ00;0.7
6044;800051;A044114;2022JJ00;0.5
6045;800051;A044114;2023JJ00;0.5
6046;800051;A044114;2024JJ00;0.5
6047;800051;A044114;2025JJ00;0.5
6076;800051;A044113;1990JJ00;7.9
6077;800051;A044113;1995JJ00;6.7
6078;800051;A044113;2000JJ00;7.0
6079;800051;A044113;2001JJ00;7.1
6080;800051;A044113;2002JJ00;6.8
6081;800051;A044113;2003JJ00;6.1
6082;800051;A044113;2004JJ00;6.5
6083;800051;A044113;2005JJ00;6.8
6084;800051;A044113;2006JJ00;6.8
6085;800051;A044113;2007JJ00;7.1
6086;800051;A044113;2008JJ00;7.5
6087;800051;A044113;2009JJ00;7.4
6088;800051;A044113;2010JJ00;7.5
6089;800051;A044113;2011JJ00;8.0
6090;800051;A044113;2012JJ00;7.8
6091;800051;A044113;2013JJ00;7.8
6092;800051;A044113;2014JJ00;7.9
6093;800051;A044113;2015JJ00;7.8
6094;800051;A044113;2016JJ00;7.6
6095;800051;A044113;2017JJ00;7.4
6096;800051;A044113;2018JJ00;7.1
6097;800051;A044113;2019JJ00;7.1
6098;800051;A044113;2020JJ00;6.9
6099;800051;A044113;2021JJ00;6.8
6100;800051;A044113;2022JJ00;6.7
6101;800051;A044113;2023JJ00;6.5
6102;800051;A044113;2024JJ00;6.1
6103;800051;A044113;2025JJ00;6.0
6104;800051;A051771;1990JJ00;1.8
6105;800051;A051771;1995JJ00;1.0
6106;800051;A051771;2000JJ00;0.9
6107;800051;A051771;2001JJ00;0.9
6108;800051;A051771;2002JJ00;0.9
6109;800051;A051771;2003JJ00;0.8
6110;800051;A051771;2004JJ00;0.8
6111;800051;A051771;2005JJ00;0.9
6112;800051;A051771;2006JJ00;0.9
6113;800051;A051771;2007JJ00;0.9
6114;800051;A051771;2008JJ00;0.9
6115;800051;A051771;2009JJ00;0.9
6116;800051;A051771;2010JJ00;1.0
6117;800051;A051771;2011JJ00;1.0
6118;800051;A051771;2012JJ00;1.0
6119;800051;A051771;2013JJ00;1.0
6120;800051;A051771;2014JJ00;1.0
6121;800051;A051771;2015JJ00;1.0
6122;800051;A051771;2016JJ00;1.0
6123;800051;A051771;2017JJ00;1.0
6124;800051;A051771;2018JJ00;1.0
6125;800051;A051771;2019JJ00;1.0
6126;800051;A051771;2020JJ00;1.1
6127;800051;A051771;2021JJ00;1.1
6128;800051;A051771;2022JJ00;1.0
6129;800051;A051771;2023JJ00;1.1
6130;800051;A051771;2024JJ00;1.1
6131;800051;A051771;2025JJ00;1.0
6132;800051;A044108;1990JJ00;8.5
6133;800051;A044108;1995JJ00;7.7
6134;800051;A044108;2000JJ00;7.3
6135;800051;A044108;2001JJ00;7.3
6136;800051;A044108;2002JJ00;6.8
6137;800051;A044108;2003JJ00;7.6
6138;800051;A044108;2004JJ00;7.4
6139;800051;A044108;2005JJ00;7.3
6140;800051;A044108;2006JJ00;7.9
6141;800051;A044108;2007JJ00;8.6
6142;800051;A044108;2008JJ00;10.3
6143;800051;A044108;2009JJ00;10.3
6144;800051;A044108;2010JJ00;11.6
6145;800051;A044108;2011JJ00;10.5
6146;800051;A044108;2012JJ00;10.2
6147;800051;A044108;2013JJ00;10.1
6148;800051;A044108;2014JJ00;8.8
6149;800051;A044108;2015JJ00;9.4
6150;800051;A044108;2016JJ00;9.5
6151;800051;A044108;2017JJ00;10.1
6152;800051;A044108;2018JJ00;10.3
6153;800051;A044108;2019JJ00;10.4
6154;800051;A044108;2020JJ00;10.4
6155;800051;A044108;2021JJ00;11.0
6156;800051;A044108;2022JJ00;8.7
6157;800051;A044108;2023JJ00;8.5
6158;800051;A044108;2024JJ00;8.6
6159;800051;A044108;2025JJ00;8.6
6160;301100;A044109;1990JJ00;8000.0
6161;301100;A044109;1995JJ00;8400.0
6162;301100;A044109;2000JJ00;7700.0
6163;301100;A044109;2001JJ00;7500.0
6164;301100;A044109;2002JJ00;7000.0
6165;301100;A044109;2003JJ00;7100.0
6166;301100;A044109;2004JJ00;7300.0
6167;301100;A044109;2005JJ00;7600.0
6168;301100;A044109;2006JJ00;7000.0
6169;301100;A044109;2007JJ00;7600.0
6170;301100;A044109;2008JJ00;8600.0
6171;301100;A044109;2009JJ00;8700.0
6172;301100;A044109;2010JJ00;10300.0
6173;301100;A044109;2011JJ00;9300.0
6174;301100;A044109;2012JJ00;9300.0
6175;301100;A044109;2013JJ00;9100.0
6176;301100;A044109;2014JJ00;8000.0
6177;301100;A044109;2015JJ00;8400.0
6178;301100;A044109;2016JJ00;8300.0
6179;301100;A044109;2017JJ00;8500.0
6180;301100;A044109;2018JJ00;8800.0
6181;301100;A044109;2019JJ00;8800.0
6182;301100;A044109;2020JJ00;8600.0
6183;301100;A044109;2021JJ00;9000.0
6184;301100;A044109;2022JJ00;6700.0
6185;301100;A044109;2023JJ00;6700.0
6186;301100;A044109;2024JJ00;6800.0
6187;301100;A044109;2025JJ00;6900.0
6272;301100;A044112;1990JJ00;59.7
6273;301100;A044112;1995JJ00;59.9
6274;301100;A044112;2000JJ00;51.4
6275;301100;A044112;2001JJ00;48.8
6276;301100;A044112;2002JJ00;46.4
6277;301100;A044112;2003JJ00;46.2
6278;301100;A044112;2004JJ00;46.3
6279;301100;A044112;2005JJ00;47.1
6280;301100;A044112;2006JJ00;48.3
6281;301100;A044112;2007JJ00;49.0
6282;301100;A044112;2008JJ00;51.0
6283;301100;A044112;2009JJ00;49.3
6284;301100;A044112;2010JJ00;51.3
6285;301100;A044112;2011JJ00;48.2
6286;301100;A044112;2012JJ00;46.1
6287;301100;A044112;2013JJ00;45.9
6288;301100;A044112;2014JJ00;43.5
6289;301100;A044112;2015JJ00;45.0
6290;301100;A044112;2016JJ00;43.2
6291;301100;A044112;2017JJ00;43.2
6292;301100;A044112;2018JJ00;41.8
6293;301100;A044112;2019JJ00;39.9
6294;301100;A044112;2020JJ00;39.0
6295;301100;A044112;2021JJ00;38.6
6296;301100;A044112;2022JJ00;36.1
6297;301100;A044112;2023JJ00;36.1
6298;301100;A044112;2024JJ00;35.9
6299;301100;A044112;2025JJ00;35.5
6300;301100;A044114;1990JJ00;0.0
6301;301100;A044114;1995JJ00;0.0
6302;301100;A044114;2000JJ00;0.0
6303;301100;A044114;2001JJ00;0.0
6304;301100;A044114;2002JJ00;0.0
6305;301100;A044114;2003JJ00;0.0
6306;301100;A044114;2004JJ00;0.0
6307;301100;A044114;2005JJ00;0.0
6308;301100;A044114;2006JJ00;0.0
6309;301100;A044114;2007JJ00;0.0
6310;301100;A044114;2008JJ00;0.0
6311;301100;A044114;2009JJ00;0.0
6312;301100;A044114;2010JJ00;0.0
6313;301100;A044114;2011JJ00;0.0
6314;301100;A044114;2012JJ00;0.0
6315;301100;A044114;2013JJ00;0.0
6316;301100;A044114;2014JJ00;0.1
6317;301100;A044114;2015JJ00;0.1
6318;301100;A044114;2016JJ00;0.1
6319;301100;A044114;2017JJ00;0.1
6320;301100;A044114;2018JJ00;0.1
6321;301100;A044114;2019JJ00;0.1
6322;301100;A044114;2020JJ00;0.1
6323;301100;A044114;2021JJ00;0.1
6324;301100;A044114;2022JJ00;0.1
6325;301100;A044114;2023JJ00;0.1
6326;301100;A044114;2024JJ00;0.1
6327;301100;A044114;2025JJ00;0.1
6356;301100;A044113;1990JJ00;5.3
6357;301100;A044113;1995JJ00;5.3
6358;301100;A044113;2000JJ00;5.8
6359;301100;A044113;2001JJ00;5.9
6360;301100;A044113;2002JJ00;5.8
6361;301100;A044113;2003JJ00;5.1
6362;301100;A044113;2004JJ00;5.6
6363;301100;A044113;2005JJ00;5.8
6364;301100;A044113;2006JJ00;5.8
6365;301100;A044113;2007JJ00;6.1
6366;301100;A044113;2008JJ00;6.4
6367;301100;A044113;2009JJ00;6.4
6368;301100;A044113;2010JJ00;6.5
6369;301100;A044113;2011JJ00;7.0
6370;301100;A044113;2012JJ00;6.8
6371;301100;A044113;2013JJ00;6.7
6372;301100;A044113;2014JJ00;6.9
6373;301100;A044113;2015JJ00;6.7
6374;301100;A044113;2016JJ00;6.6
6375;301100;A044113;2017JJ00;6.4
6376;301100;A044113;2018JJ00;6.2
6377;301100;A044113;2019JJ00;6.0
6378;301100;A044113;2020JJ00;5.9
6379;301100;A044113;2021JJ00;5.7
6380;301100;A044113;2022JJ00;5.6
6381;301100;A044113;2023JJ00;5.5
6382;301100;A044113;2024JJ00;5.0
6383;301100;A044113;2025JJ00;4.9
6384;301100;A051771;1990JJ00;0.6
6385;301100;A051771;1995JJ00;0.6
6386;301100;A051771;2000JJ00;0.6
6387;301100;A051771;2001JJ00;0.6
6388;301100;A051771;2002JJ00;0.6
6389;301100;A051771;2003JJ00;0.5
6390;301100;A051771;2004JJ00;0.6
6391;301100;A051771;2005JJ00;0.6
6392;301100;A051771;2006JJ00;0.6
6393;301100;A051771;2007JJ00;0.6
6394;301100;A051771;2008JJ00;0.7
6395;301100;A051771;2009JJ00;0.7
6396;301100;A051771;2010JJ00;0.7
6397;301100;A051771;2011JJ00;0.7
6398;301100;A051771;2012JJ00;0.7
6399;301100;A051771;2013JJ00;0.7
6400;301100;A051771;2014JJ00;0.7
6401;301100;A051771;2015JJ00;0.7
6402;301100;A051771;2016JJ00;0.7
6403;301100;A051771;2017JJ00;0.7
6404;301100;A051771;2018JJ00;0.7
6405;301100;A051771;2019JJ00;0.7
6406;301100;A051771;2020JJ00;0.7
6407;301100;A051771;2021JJ00;0.7
6408;301100;A051771;2022JJ00;0.7
6409;301100;A051771;2023JJ00;0.6
6410;301100;A051771;2024JJ00;0.6
6411;301100;A051771;2025JJ00;0.6
6412;301100;A044108;1990JJ00;2.1
6413;301100;A044108;1995JJ00;2.6
6414;301100;A044108;2000JJ00;2.4
6415;301100;A044108;2001JJ00;2.3
6416;301100;A044108;2002JJ00;2.1
6417;301100;A044108;2003JJ00;2.3
6418;301100;A044108;2004JJ00;2.5
6419;301100;A044108;2005JJ00;2.9
6420;301100;A044108;2006JJ00;3.5
6421;301100;A044108;2007JJ00;4.4
6422;301100;A044108;2008JJ00;5.8
6423;301100;A044108;2009JJ00;6.0
6424;301100;A044108;2010JJ00;7.1
6425;301100;A044108;2011JJ00;6.6
6426;301100;A044108;2012JJ00;6.3
6427;301100;A044108;2013JJ00;6.2
6428;301100;A044108;2014JJ00;5.4
6429;301100;A044108;2015JJ00;5.9
6430;301100;A044108;2016JJ00;5.6
6431;301100;A044108;2017JJ00;6.1
6432;301100;A044108;2018JJ00;6.4
6433;301100;A044108;2019JJ00;6.9
6434;301100;A044108;2020JJ00;6.8
6435;301100;A044108;2021JJ00;7.5
6436;301100;A044108;2022JJ00;5.5
6437;301100;A044108;2023JJ00;5.5
6438;301100;A044108;2024JJ00;5.8
6439;301100;A044108;2025JJ00;5.8
6440;348000;A044109;1990JJ00;5000.0
6441;348000;A044109;1995JJ00;5500.0
6442;348000;A044109;2000JJ00;7400.0
6443;348000;A044109;2001JJ00;7200.0
6444;348000;A044109;2002JJ00;7300.0
6445;348000;A044109;2003JJ00;7300.0
6446;348000;A044109;2004JJ00;7500.0
6447;348000;A044109;2005JJ00;7500.0
6448;348000;A044109;2006JJ00;7500.0
6449;348000;A044109;2007JJ00;7800.0
6450;348000;A044109;2008JJ00;8000.0
6451;348000;A044109;2009JJ00;8600.0
6452;348000;A044109;2010JJ00;8600.0
6453;348000;A044109;2011JJ00;9100.0
6454;348000;A044109;2012JJ00;9400.0
6455;348000;A044109;2013JJ00;9500.0
6456;348000;A044109;2014JJ00;9600.0
6457;348000;A044109;2015JJ00;9600.0
6458;348000;A044109;2016JJ00;9800.0
6459;348000;A044109;2017JJ00;9700.0
6460;348000;A044109;2018JJ00;9400.0
6461;348000;A044109;2019JJ00;9200.0
6462;348000;A044109;2020JJ00;9200.0
6463;348000;A044109;2021JJ00;9000.0
6464;348000;A044109;2022JJ00;8900.0
6465;348000;A044109;2023JJ00;8500.0
6466;348000;A044109;2024JJ00;8000.0
6467;348000;A044109;2025JJ00;8000.0
6552;348000;A044112;1990JJ00;6.2
6553;348000;A044112;1995JJ00;3.3
6554;348000;A044112;2000JJ00;3.0
6555;348000;A044112;2001JJ00;2.6
6556;348000;A044112;2002JJ00;2.4
6557;348000;A044112;2003JJ00;2.2
6558;348000;A044112;2004JJ00;2.2
6559;348000;A044112;2005JJ00;2.7
6560;348000;A044112;2006JJ00;2.7
6561;348000;A044112;2007JJ00;2.9
6562;348000;A044112;2008JJ00;3.3
6563;348000;A044112;2009JJ00;3.6
6564;348000;A044112;2010JJ00;3.7
6565;348000;A044112;2011JJ00;4.3
6566;348000;A044112;2012JJ00;3.9
6567;348000;A044112;2013JJ00;3.9
6568;348000;A044112;2014JJ00;4.0
6569;348000;A044112;2015JJ00;4.2
6570;348000;A044112;2016JJ00;4.1
6571;348000;A044112;2017JJ00;4.1
6572;348000;A044112;2018JJ00;3.9
6573;348000;A044112;2019JJ00;4.0
6574;348000;A044112;2020JJ00;4.0
6575;348000;A044112;2021JJ00;3.8
6576;348000;A044112;2022JJ00;3.8
6577;348000;A044112;2023JJ00;3.5
6578;348000;A044112;2024JJ00;3.2
6579;348000;A044112;2025JJ00;3.5
6580;348000;A044114;1990JJ00;4.6
6581;348000;A044114;1995JJ00;0.6
6582;348000;A044114;2000JJ00;0.2
6583;348000;A044114;2001JJ00;0.2
6584;348000;A044114;2002JJ00;0.2
6585;348000;A044114;2003JJ00;0.2
6586;348000;A044114;2004JJ00;0.2
6587;348000;A044114;2005JJ00;0.2
6588;348000;A044114;2006JJ00;0.3
6589;348000;A044114;2007JJ00;0.3
6590;348000;A044114;2008JJ00;0.3
6591;348000;A044114;2009JJ00;0.4
6592;348000;A044114;2010JJ00;0.4
6593;348000;A044114;2011JJ00;0.5
6594;348000;A044114;2012JJ00;0.3
6595;348000;A044114;2013JJ00;0.3
6596;348000;A044114;2014JJ00;0.3
6597;348000;A044114;2015JJ00;0.3
6598;348000;A044114;2016JJ00;1.2
6599;348000;A044114;2017JJ00;0.9
6600;348000;A044114;2018JJ00;0.5
6601;348000;A044114;2019JJ00;0.4
6602;348000;A044114;2020JJ00;0.4
6603;348000;A044114;2021JJ00;0.5
6604;348000;A044114;2022JJ00;0.4
6605;348000;A044114;2023JJ00;0.3
6606;348000;A044114;2024JJ00;0.3
6607;348000;A044114;2025JJ00;0.3
6636;348000;A044113;1990JJ00;0.9
6637;348000;A044113;1995JJ00;0.1
6638;348000;A044113;2000JJ00;0.0
6639;348000;A044113;2001JJ00;0.0
6640;348000;A044113;2002JJ00;0.0
6641;348000;A044113;2003JJ00;0.0
6642;348000;A044113;2004JJ00;0.1
6643;348000;A044113;2005JJ00;0.1
6644;348000;A044113;2006JJ00;0.2
6645;348000;A044113;2007JJ00;0.1
6646;348000;A044113;2008JJ00;0.1
6647;348000;A044113;2009JJ00;0.1
6648;348000;A044113;2010JJ00;0.1
6649;348000;A044113;2011JJ00;0.1
6650;348000;A044113;2012JJ00;0.1
6651;348000;A044113;2013JJ00;0.1
6652;348000;A044113;2014JJ00;0.1
6653;348000;A044113;2015JJ00;0.1
6654;348000;A044113;2016JJ00;0.1
6655;348000;A044113;2017JJ00;0.1
6656;348000;A044113;2018JJ00;0.1
6657;348000;A044113;2019JJ00;0.1
6658;348000;A044113;2020JJ00;0.1
6659;348000;A044113;2021JJ00;0.1
6660;348000;A044113;2022JJ00;0.1
6661;348000;A044113;2023JJ00;0.1
6662;348000;A044113;2024JJ00;0.0
6663;348000;A044113;2025JJ00;0.0
6664;348000;A051771;1990JJ00;0.9
6665;348000;A051771;1995JJ00;0.1
6666;348000;A051771;2000JJ00;0.0
6667;348000;A051771;2001JJ00;0.0
6668;348000;A051771;2002JJ00;0.0
6669;348000;A051771;2003JJ00;0.0
6670;348000;A051771;2004JJ00;0.1
6671;348000;A051771;2005JJ00;0.1
6672;348000;A051771;2006JJ00;0.1
6673;348000;A051771;2007JJ00;0.1
6674;348000;A051771;2008JJ00;0.1
6675;348000;A051771;2009JJ00;0.1
6676;348000;A051771;2010JJ00;0.0
6677;348000;A051771;2011JJ00;0.1
6678;348000;A051771;2012JJ00;0.1
6679;348000;A051771;2013JJ00;0.1
6680;348000;A051771;2014JJ00;0.1
6681;348000;A051771;2015JJ00;0.1
6682;348000;A051771;2016JJ00;0.1
6683;348000;A051771;2017JJ00;0.0
6684;348000;A051771;2018JJ00;0.0
6685;348000;A051771;2019JJ00;0.1
6686;348000;A051771;2020JJ00;0.1
6687;348000;A051771;2021JJ00;0.0
6688;348000;A051771;2022JJ00;0.0
6689;348000;A051771;2023JJ00;0.0
6690;348000;A051771;2024JJ00;0.0
6691;348000;A051771;2025JJ00;0.0
6692;348000;A044108;1990JJ00;4.0
6693;348000;A044108;1995JJ00;2.7
6694;348000;A044108;2000JJ00;2.7
6695;348000;A044108;2001JJ00;2.6
6696;348000;A044108;2002JJ00;2.3
6697;348000;A044108;2003JJ00;2.8
6698;348000;A044108;2004JJ00;2.4
6699;348000;A044108;2005JJ00;2.1
6700;348000;A044108;2006JJ00;2.0
6701;348000;A044108;2007JJ00;2.1
6702;348000;A044108;2008JJ00;2.2
6703;348000;A044108;2009JJ00;2.0
6704;348000;A044108;2010JJ00;1.9
6705;348000;A044108;2011JJ00;1.8
6706;348000;A044108;2012JJ00;1.6
6707;348000;A044108;2013JJ00;1.5
6708;348000;A044108;2014JJ00;1.5
6709;348000;A044108;2015JJ00;1.5
6710;348000;A044108;2016JJ00;1.8
6711;348000;A044108;2017JJ00;1.8
6712;348000;A044108;2018JJ00;1.7
6713;348000;A044108;2019JJ00;1.6
6714;348000;A044108;2020JJ00;1.8
6715;348000;A044108;2021JJ00;1.7
6716;348000;A044108;2022JJ00;1.6
6717;348000;A044108;2023JJ00;1.5
6718;348000;A044108;2024JJ00;1.4
6719;348000;A044108;2025JJ00;1.4
6720;300008;A044109;1990JJ00;8100.0
6721;300008;A044109;1995JJ00;8700.0
6722;300008;A044109;2000JJ00;8100.0
6723;300008;A044109;2001JJ00;8700.0
6724;300008;A044109;2002JJ00;8300.0
6725;300008;A044109;2003JJ00;8900.0
6726;300008;A044109;2004JJ00;9600.0
6727;300008;A044109;2005JJ00;8700.0
6728;300008;A044109;2006JJ00;8700.0
6729;300008;A044109;2007JJ00;7800.0
6730;300008;A044109;2008JJ00;8500.0
6731;300008;A044109;2009JJ00;8600.0
6732;300008;A044109;2010JJ00;9900.0
6733;300008;A044109;2011JJ00;7900.0
6734;300008;A044109;2012JJ00;8800.0
6735;300008;A044109;2013JJ00;8800.0
6736;300008;A044109;2014JJ00;7100.0
6737;300008;A044109;2015JJ00;7600.0
6738;300008;A044109;2016JJ00;7600.0
6739;300008;A044109;2017JJ00;7600.0
6740;300008;A044109;2018JJ00;7400.0
6741;300008;A044109;2019JJ00;6900.0
6742;300008;A044109;2020JJ00;6200.0
6743;300008;A044109;2021JJ00;6800.0
6744;300008;A044109;2022JJ00;5700.0
6745;300008;A044109;2023JJ00;5500.0
6746;300008;A044109;2024JJ00;5000.0
6747;300008;A044109;2025JJ00;5000.0
6832;300008;A044112;1990JJ00;11.3
6833;300008;A044112;1995JJ00;11.4
6834;300008;A044112;2000JJ00;10.5
6835;300008;A044112;2001JJ00;10.1
6836;300008;A044112;2002JJ00;8.9
6837;300008;A044112;2003JJ00;8.9
6838;300008;A044112;2004JJ00;8.2
6839;300008;A044112;2005JJ00;6.3
6840;300008;A044112;2006JJ00;6.3
6841;300008;A044112;2007JJ00;5.5
6842;300008;A044112;2008JJ00;5.8
6843;300008;A044112;2009JJ00;5.5
6844;300008;A044112;2010JJ00;6.2
6845;300008;A044112;2011JJ00;4.6
6846;300008;A044112;2012JJ00;4.9
6847;300008;A044112;2013JJ00;4.8
6848;300008;A044112;2014JJ00;3.7
6849;300008;A044112;2015JJ00;3.8
6850;300008;A044112;2016JJ00;3.6
6851;300008;A044112;2017JJ00;3.6
6852;300008;A044112;2018JJ00;3.2
6853;300008;A044112;2019JJ00;3.0
6854;300008;A044112;2020JJ00;2.7
6855;300008;A044112;2021JJ00;2.8
6856;300008;A044112;2022JJ00;2.4
6857;300008;A044112;2023JJ00;2.4
6858;300008;A044112;2024JJ00;2.2
6859;300008;A044112;2025JJ00;2.1
6860;300008;A044114;1990JJ00;0.8
6861;300008;A044114;1995JJ00;0.3
6862;300008;A044114;2000JJ00;0.2
6863;300008;A044114;2001JJ00;0.2
6864;300008;A044114;2002JJ00;0.1
6865;300008;A044114;2003JJ00;0.2
6866;300008;A044114;2004JJ00;0.1
6867;300008;A044114;2005JJ00;0.1
6868;300008;A044114;2006JJ00;0.1
6869;300008;A044114;2007JJ00;0.1
6870;300008;A044114;2008JJ00;0.1
6871;300008;A044114;2009JJ00;0.1
6872;300008;A044114;2010JJ00;0.1
6873;300008;A044114;2011JJ00;0.2
6874;300008;A044114;2012JJ00;0.2
6875;300008;A044114;2013JJ00;0.1
6876;300008;A044114;2014JJ00;0.1
6877;300008;A044114;2015JJ00;0.1
6878;300008;A044114;2016JJ00;0.1
6879;300008;A044114;2017JJ00;0.1
6880;300008;A044114;2018JJ00;0.1
6881;300008;A044114;2019JJ00;0.1
6882;300008;A044114;2020JJ00;0.1
6883;300008;A044114;2021JJ00;0.1
6884;300008;A044114;2022JJ00;0.1
6885;300008;A044114;2023JJ00;0.1
6886;300008;A044114;2024JJ00;0.1
6887;300008;A044114;2025JJ00;0.1
6916;300008;A044113;1990JJ00;1.7
6917;300008;A044113;1995JJ00;1.3
6918;300008;A044113;2000JJ00;1.1
6919;300008;A044113;2001JJ00;1.1
6920;300008;A044113;2002JJ00;1.0
6921;300008;A044113;2003JJ00;0.9
6922;300008;A044113;2004JJ00;0.9
6923;300008;A044113;2005JJ00;0.9
6924;300008;A044113;2006JJ00;0.9
6925;300008;A044113;2007JJ00;0.9
6926;300008;A044113;2008JJ00;1.0
6927;300008;A044113;2009JJ00;0.9
6928;300008;A044113;2010JJ00;0.9
6929;300008;A044113;2011JJ00;1.0
6930;300008;A044113;2012JJ00;0.9
6931;300008;A044113;2013JJ00;1.0
6932;300008;A044113;2014JJ00;1.0
6933;300008;A044113;2015JJ00;1.0
6934;300008;A044113;2016JJ00;0.9
6935;300008;A044113;2017JJ00;0.9
6936;300008;A044113;2018JJ00;0.9
6937;300008;A044113;2019JJ00;1.0
6938;300008;A044113;2020JJ00;0.9
6939;300008;A044113;2021JJ00;1.1
6940;300008;A044113;2022JJ00;1.0
6941;300008;A044113;2023JJ00;1.0
6942;300008;A044113;2024JJ00;1.1
6943;300008;A044113;2025JJ00;1.1
6944;300008;A051771;1990JJ00;0.4
6945;300008;A051771;1995JJ00;0.3
6946;300008;A051771;2000JJ00;0.2
6947;300008;A051771;2001JJ00;0.2
6948;300008;A051771;2002JJ00;0.2
6949;300008;A051771;2003JJ00;0.2
6950;300008;A051771;2004JJ00;0.2
6951;300008;A051771;2005JJ00;0.2
6952;300008;A051771;2006JJ00;0.2
6953;300008;A051771;2007JJ00;0.2
6954;300008;A051771;2008JJ00;0.2
6955;300008;A051771;2009JJ00;0.2
6956;300008;A051771;2010JJ00;0.2
6957;300008;A051771;2011JJ00;0.3
6958;300008;A051771;2012JJ00;0.3
6959;300008;A051771;2013JJ00;0.3
6960;300008;A051771;2014JJ00;0.3
6961;300008;A051771;2015JJ00;0.2
6962;300008;A051771;2016JJ00;0.2
6963;300008;A051771;2017JJ00;0.3
6964;300008;A051771;2018JJ00;0.3
6965;300008;A051771;2019JJ00;0.3
6966;300008;A051771;2020JJ00;0.3
6967;300008;A051771;2021JJ00;0.4
6968;300008;A051771;2022JJ00;0.3
6969;300008;A051771;2023JJ00;0.5
6970;300008;A051771;2024JJ00;0.4
6971;300008;A051771;2025JJ00;0.4
6972;300008;A044108;1990JJ00;2.4
6973;300008;A044108;1995JJ00;2.4
6974;300008;A044108;2000JJ00;2.2
6975;300008;A044108;2001JJ00;2.5
6976;300008;A044108;2002JJ00;2.3
6977;300008;A044108;2003JJ00;2.5
6978;300008;A044108;2004JJ00;2.6
6979;300008;A044108;2005JJ00;2.3
6980;300008;A044108;2006JJ00;2.4
6981;300008;A044108;2007JJ00;2.1
6982;300008;A044108;2008JJ00;2.3
6983;300008;A044108;2009JJ00;2.4
6984;300008;A044108;2010JJ00;2.6
6985;300008;A044108;2011JJ00;2.1
6986;300008;A044108;2012JJ00;2.3
6987;300008;A044108;2013JJ00;2.4
6988;300008;A044108;2014JJ00;1.9
6989;300008;A044108;2015JJ00;2.1
6990;300008;A044108;2016JJ00;2.1
6991;300008;A044108;2017JJ00;2.2
6992;300008;A044108;2018JJ00;2.1
6993;300008;A044108;2019JJ00;1.9
6994;300008;A044108;2020JJ00;1.7
6995;300008;A044108;2021JJ00;1.9
6996;300008;A044108;2022JJ00;1.6
6997;300008;A044108;2023JJ00;1.6
6998;300008;A044108;2024JJ00;1.4
6999;300008;A044108;2025JJ00;1.4
